row,file,s_file,name,s_name,profile,first_statement,locals,numparms,parm_start,parm_size
0,unknown.qc,0,func000000,0,0,0,0,0,0,00000000
1,defs.qc,1,makevectors,9,0,-1,0,1,497,30000000
2,defs.qc,1,setorigin,21,0,-2,0,2,498,13000000
3,defs.qc,1,setmodel,31,0,-3,0,2,499,11000000
4,defs.qc,1,setsize,40,0,-4,0,3,500,13300000
5,defs.qc,1,break,48,0,-6,0,0,501,00000000
6,defs.qc,1,random,54,0,-7,0,0,502,00000000
7,defs.qc,1,sound,61,0,-8,0,5,503,11111000
8,defs.qc,1,normalize,67,0,-9,0,1,504,30000000
9,defs.qc,1,error,77,0,-10,0,1,505,10000000
10,defs.qc,1,objerror,83,0,-11,0,1,506,10000000
11,defs.qc,1,vlen,92,0,-12,0,1,507,30000000
12,defs.qc,1,vectoyaw,97,0,-13,0,1,508,30000000
13,defs.qc,1,spawn,106,0,-14,0,0,509,00000000
14,defs.qc,1,remove,112,0,-15,0,1,510,10000000
15,defs.qc,1,traceline,119,0,-16,0,4,511,33110000
16,defs.qc,1,checkclient,129,0,-17,0,0,512,00000000
17,defs.qc,1,find,141,0,-18,0,3,513,11100000
18,defs.qc,1,precache_sound,146,0,-19,0,1,514,10000000
19,defs.qc,1,precache_model,161,0,-20,0,1,515,10000000
20,defs.qc,1,stuffcmd,176,0,-21,0,2,516,11000000
21,defs.qc,1,findradius,185,0,-22,0,2,517,31000000
22,defs.qc,1,bprint,196,0,-23,0,1,518,10000000
23,defs.qc,1,sprint,203,0,-24,0,2,519,11000000
24,defs.qc,1,dprint,210,0,-25,0,1,520,10000000
25,defs.qc,1,ftos,217,0,-26,0,1,521,10000000
26,defs.qc,1,vtos,222,0,-27,0,1,522,30000000
27,defs.qc,1,coredump,227,0,-28,0,0,523,00000000
28,defs.qc,1,traceon,236,0,-29,0,0,524,00000000
29,defs.qc,1,traceoff,244,0,-30,0,0,525,00000000
30,defs.qc,1,eprint,253,0,-31,0,1,526,10000000
31,defs.qc,1,walkmove,260,0,-32,0,2,527,11000000
32,defs.qc,1,droptofloor,269,0,-34,0,2,528,11000000
33,defs.qc,1,lightstyle,281,0,-35,0,2,529,11000000
34,defs.qc,1,rint,292,0,-36,0,1,530,10000000
35,defs.qc,1,floor,297,0,-37,0,1,531,10000000
36,defs.qc,1,ceil,303,0,-38,0,1,532,10000000
37,defs.qc,1,checkbottom,308,0,-40,0,1,533,10000000
38,defs.qc,1,pointcontents,320,0,-41,0,1,534,30000000
39,defs.qc,1,fabs,334,0,-43,0,1,535,10000000
40,defs.qc,1,aim,339,0,-44,0,2,536,11000000
41,defs.qc,1,cvar,343,0,-45,0,1,537,10000000
42,defs.qc,1,localcmd,348,0,-46,0,1,538,10000000
43,defs.qc,1,nextent,357,0,-47,0,1,539,10000000
44,defs.qc,1,particle,365,0,-48,0,4,540,33110000
45,defs.qc,1,ChangeYaw,374,0,-49,0,0,541,00000000
46,defs.qc,1,vectoangles,384,0,-51,0,1,542,30000000
47,defs.qc,1,WriteByte,396,0,-52,0,2,543,11000000
48,defs.qc,1,WriteChar,406,0,-53,0,2,544,11000000
49,defs.qc,1,WriteShort,416,0,-54,0,2,545,11000000
50,defs.qc,1,WriteLong,427,0,-55,0,2,546,11000000
51,defs.qc,1,WriteCoord,437,0,-56,0,2,547,11000000
52,defs.qc,1,WriteAngle,448,0,-57,0,2,548,11000000
53,defs.qc,1,WriteString,459,0,-58,0,2,549,11000000
54,defs.qc,1,WriteEntity,471,0,-59,0,2,550,11000000
55,defs.qc,1,movetogoal,483,0,-67,0,1,551,10000000
56,defs.qc,1,precache_file,494,0,-68,0,1,552,10000000
57,defs.qc,1,makestatic,508,0,-69,0,1,553,10000000
58,defs.qc,1,changelevel,519,0,-70,0,1,554,10000000
59,defs.qc,1,cvar_set,531,0,-72,0,2,555,11000000
60,defs.qc,1,centerprint,540,0,-73,0,2,556,11000000
61,defs.qc,1,ambientsound,552,0,-74,0,4,557,31110000
62,defs.qc,1,precache_model2,565,0,-75,0,1,558,10000000
63,defs.qc,1,precache_sound2,581,0,-76,0,1,559,10000000
64,defs.qc,1,precache_file2,597,0,-77,0,1,560,10000000
65,defs.qc,1,setspawnparms,612,0,-78,0,1,561,10000000
66,subs.qc,626,SUB_Null,634,0,1,0,0,571,00000000
67,subs.qc,626,SUB_Remove,643,0,2,0,0,571,00000000
68,subs.qc,626,SetMovedir,654,0,5,0,0,572,00000000
69,subs.qc,626,InitTrigger,666,0,25,0,0,611,00000000
70,subs.qc,626,SUB_CalcMoveEnt,678,0,42,7,4,622,13110000
71,subs.qc,626,SUB_CalcMove,715,0,50,10,3,629,31100000
72,subs.qc,626,SUB_CalcMoveDone,728,0,96,0,0,682,00000000
73,subs.qc,626,SUB_CalcAngleMoveEnt,745,0,109,7,4,693,13110000
74,subs.qc,626,SUB_CalcAngleMove,766,0,117,10,3,700,31100000
75,subs.qc,626,SUB_CalcAngleMoveDone,784,0,144,0,0,733,00000000
76,subs.qc,626,DelayThink,806,0,156,0,0,746,00000000
77,subs.qc,626,SUB_UseTargets,849,0,162,4,0,747,00000000
78,subs.qc,626,SUB_AttackFinished,864,0,249,0,1,786,10000000
79,subs.qc,626,SUB_CheckRefire,883,0,257,0,1,794,10000000
80,airmisc.qc,899,calcbit,910,0,275,0,1,803,10000000
81,airmisc.qc,899,checkcli,918,0,325,0,1,846,10000000
82,airmisc.qc,899,change_cc,927,0,335,4,1,850,10000000
83,airmisc.qc,899,check_allowed,937,0,411,2,1,876,10000000
84,airmisc.qc,899,add_allowedcraft,951,0,435,6,2,888,11000000
85,airmisc.qc,899,givefrags,968,0,463,0,3,904,11100000
86,airmisc.qc,899,giveteamfrags,978,0,471,3,2,913,11000000
87,airmisc.qc,899,teamprint,992,0,492,3,2,923,11000000
88,airmisc.qc,899,checkground,1002,0,516,0,0,934,00000000
89,airmisc.qc,899,place_targetbox,1014,0,533,10,0,946,00000000
90,airmisc.qc,899,orgia,1030,0,602,4,1,1046,10000000
91,airmisc.qc,899,setup_teament,1036,0,611,0,0,1069,00000000
92,airmisc.qc,899,send_voicemsg,2010,0,642,4,2,1089,11000000
93,fight.qc,2024,CheckAttack,2033,0,943,8,0,1307,00000000
94,fight.qc,2024,ai_face,2045,0,1017,0,0,1357,00000000
95,fight.qc,2024,ai_charge,2053,0,1027,0,1,1371,10000000
96,fight.qc,2024,ai_charge_side,2063,0,1031,4,0,1373,00000000
97,fight.qc,2024,ai_melee,2078,0,1057,4,0,1408,00000000
98,fight.qc,2024,ai_melee_side,2087,0,1085,4,0,1430,00000000
99,ai.qc,2101,anglemod,2107,0,1121,0,1,1458,10000000
100,ai.qc,2101,movetarget_f,2116,0,1133,0,0,1464,00000000
101,ai.qc,2101,path_corner,2129,0,1155,0,0,1477,00000000
102,ai.qc,2101,t_movetarget,2173,0,1161,9,0,1480,00000000
103,ai.qc,2101,range,2186,0,1271,8,1,1574,10000000
104,ai.qc,2101,visible,2192,0,1303,7,1,1626,10000000
105,ai.qc,2101,infront,2200,0,1332,5,1,1669,10000000
106,ai.qc,2101,HuntTarget,2208,0,1348,0,0,1690,00000000
107,ai.qc,2101,SightSound,2219,0,1368,1,0,1708,00000000
108,ai.qc,2101,FoundTarget,2230,0,1369,0,0,1710,00000000
109,ai.qc,2101,FindTarget,2289,0,1382,9,0,1717,00000000
110,ai.qc,2101,ai_forward,2300,0,1534,0,1,1822,10000000
111,ai.qc,2101,ai_back,2311,0,1539,0,1,1825,10000000
112,ai.qc,2101,ai_pain,2319,0,1545,0,1,1830,10000000
113,ai.qc,2101,ai_painforward,2327,0,1548,0,1,1832,10000000
114,ai.qc,2101,ai_walk,2357,0,1553,4,1,1835,10000000
115,ai.qc,2101,ai_stand,2365,0,1566,0,0,1843,00000000
116,ai.qc,2101,ai_turn,2374,0,1576,0,0,1847,00000000
117,ai.qc,2101,ChooseTurn,2382,0,1581,9,1,1847,30000000
118,ai.qc,2101,FacingIdeal,2393,0,1604,1,0,1869,00000000
119,ai.qc,2101,CheckAnyAttack,2405,0,1617,0,0,1878,00000000
120,ai.qc,2101,ai_run_melee,2420,0,1623,0,0,1880,00000000
121,ai.qc,2101,ai_run_missile,2433,0,1633,0,0,1884,00000000
122,ai.qc,2101,ai_run_slide,2448,0,1643,1,0,1888,00000000
123,ai.qc,2101,ai_run,2461,0,1668,9,1,1900,10000000
124,combat.qc,2468,CanDamage,2478,0,1746,0,2,1951,11000000
125,combat.qc,2468,Killed,2561,0,1822,3,2,2032,11000000
126,combat.qc,2468,T_Damage,2587,0,1957,10,4,2114,11110000
127,combat.qc,2468,T_RadiusDamage,2596,0,2133,10,4,2233,11110000
128,combat.qc,2468,T_BeamDamage,2628,0,2219,4,2,2333,11000000
129,weapons.qc,2641,W_Precache,2877,0,2269,0,0,2371,00000000
130,weapons.qc,2641,crandom,2888,0,2294,0,0,2384,00000000
131,weapons.qc,2641,wall_velocity,2896,0,2299,3,0,2387,00000000
132,weapons.qc,2641,SpawnMeatSpray,2928,0,2321,8,2,2417,33000000
133,weapons.qc,2641,SpawnBlood,2943,0,2359,0,3,2449,33100000
134,weapons.qc,2641,spawn_touchblood,2954,0,2367,4,1,2462,10000000
135,weapons.qc,2641,SpawnChunk,2971,0,2378,0,2,2480,33000000
136,weapons.qc,2641,ClearMultiDamage,2982,0,2385,0,0,2493,00000000
137,weapons.qc,2641,ApplyMultiDamage,2999,0,2388,0,0,2494,00000000
138,weapons.qc,2641,AddMultiDamage,3016,0,2397,0,2,2496,11000000
139,weapons.qc,2641,TraceAttack,3031,0,2409,10,2,2502,13000000
140,weapons.qc,2641,FireBullets,3043,0,2453,13,3,2544,13300000
141,weapons.qc,2641,s_explode1,3055,0,2494,0,0,2598,00000000
142,weapons.qc,2641,s_explode2,3066,0,2496,0,0,2599,00000000
143,weapons.qc,2641,s_explode3,3077,0,2498,0,0,2600,00000000
144,weapons.qc,2641,s_explode4,3088,0,2500,0,0,2601,00000000
145,weapons.qc,2641,s_explode5,3099,0,2502,0,0,2602,00000000
146,weapons.qc,2641,s_explode6,3110,0,2504,0,0,2603,00000000
147,weapons.qc,2641,BecomeExplosion,3140,0,2506,0,0,2604,00000000
148,weapons.qc,2641,T_MissileTouch,3156,0,2519,1,0,2611,00000000
149,weapons.qc,2641,LightningDamage,3171,0,2582,13,4,2647,33110000
150,weapons.qc,2641,launch_spike,3209,0,2671,0,2,2705,33000000
151,weapons.qc,2641,spike_touch,3243,0,2706,1,0,2731,00000000
152,weapons.qc,2641,superspike_touch,3255,0,2773,1,0,2754,00000000
153,weapons.qc,2641,W_SetCurrentAmmo,3272,0,2821,0,0,2770,00000000
154,weapons.qc,2641,W_BestWeapon,3289,0,2869,1,0,2797,00000000
155,weapons.qc,2641,W_CheckNoAmmo,3302,0,2883,0,0,2805,00000000
156,weapons.qc,2641,W_ChangeWeapon,3346,0,2893,3,0,2809,00000000
157,weapons.qc,2641,CheatCommand,3361,0,2937,0,0,2830,00000000
158,weapons.qc,2641,CycleWeaponCommand,3374,0,2963,2,0,2841,00000000
159,weapons.qc,2641,CycleWeaponReverseCommand,3393,0,3001,2,0,2862,00000000
160,weapons.qc,2641,ServerflagsCommand,3419,0,3039,0,0,2883,00000000
161,weapons.qc,2641,QuadCheat,3450,0,3043,0,0,2886,00000000
162,weapons.qc,2641,ImpulseCommands,3559,0,3058,4,0,2895,00000000
163,weapons.qc,2641,W_WeaponFrame,3575,0,3270,1,0,3024,00000000
164,weapons.qc,2641,SuperDamageSound,3607,0,3327,0,0,3061,00000000
165,acitems.qc,3624,check_ammo,3635,0,3345,0,2,3069,11000000
166,acitems.qc,3624,SUB_regen,3664,0,3912,0,0,3456,00000000
167,acitems.qc,3624,ACPlaceItem,3674,0,3928,1,0,3464,00000000
168,acitems.qc,3624,ACStartItem,3686,0,3940,0,0,3474,00000000
169,acitems.qc,3624,ACammo_touch,3733,0,3946,3,0,3478,00000000
170,acitems.qc,3624,item_spikes,3767,0,4076,0,0,3555,00000000
171,acitems.qc,3624,item_shells,3787,0,4095,0,0,3569,00000000
172,acitems.qc,3624,item_canshells,3806,0,4114,0,0,3576,00000000
173,acitems.qc,3624,item_rockets,3830,0,4133,0,0,3583,00000000
174,acitems.qc,3624,item_mavericks,3872,0,4152,0,0,3590,00000000
175,acitems.qc,3624,item_bombs,3908,0,4171,0,0,3603,00000000
176,acitems.qc,3624,item_cells,3925,0,4192,0,0,3614,00000000
177,acitems.qc,3624,item_mines,3957,0,4211,0,0,3621,00000000
178,acitems.qc,3624,health_touch,3986,0,4232,2,0,3635,00000000
179,acitems.qc,3624,item_health,4006,0,4298,0,0,3669,00000000
180,acitems.qc,3624,flagcollected_think,4076,0,4317,1,0,3676,00000000
181,acitems.qc,3624,flagsoldier_touch,4146,0,4350,3,0,3695,00000000
182,acitems.qc,3624,start_flagsoldier,4181,0,4465,0,0,3756,00000000
183,acitems.qc,3624,item_flagsoldier,4199,0,4514,0,0,3785,00000000
184,acitems.qc,3624,item_model,4216,0,4523,0,0,3795,00000000
185,acguns.qc,4227,s_bexplode0,4237,0,4528,0,0,3798,00000000
186,acguns.qc,4227,s_bexplode1,4249,0,4530,0,0,3799,00000000
187,acguns.qc,4227,s_bexplode2,4261,0,4532,0,0,3800,00000000
188,acguns.qc,4227,s_bexplode3,4273,0,4534,0,0,3801,00000000
189,acguns.qc,4227,s_bexplode4,4285,0,4536,0,0,3802,00000000
190,acguns.qc,4227,s_bexplode5,4297,0,4538,0,0,3803,00000000
191,acguns.qc,4227,BigExplosion,4328,0,4540,0,0,3804,00000000
192,acguns.qc,4227,WaterRadiusDamage,4341,0,4553,9,4,3812,11110000
193,acguns.qc,4227,ACprojectile_expireboom,4364,0,4614,0,0,3865,00000000
194,acguns.qc,4227,ACprojectile_touchboom,4388,0,4668,3,0,3893,00000000
195,acguns.qc,4227,ACsuperspike_touch,4411,0,4784,1,0,3963,00000000
196,acguns.qc,4227,ACspike_touch,4430,0,4825,0,0,3989,00000000
197,acguns.qc,4227,AC_spike,4474,0,4877,0,3,4007,33100000
198,acguns.qc,4227,AC_bullet,4483,0,4926,0,3,4040,33100000
199,acguns.qc,4227,AClaser_touch,4514,0,4972,3,0,4070,00000000
200,acguns.qc,4227,AC_laser,4570,0,5034,0,3,4105,33100000
201,acguns.qc,4227,LaunchLaser,4596,0,5085,6,2,4139,33000000
202,acguns.qc,4227,AC_rocket,4647,0,5133,0,3,4170,33100000
203,acguns.qc,4227,mine_boom,4657,0,5188,0,0,4206,00000000
204,acguns.qc,4227,mine_activated,4667,0,5205,0,0,4216,00000000
205,acguns.qc,4227,bomb_rotate,4682,0,5235,0,0,4242,00000000
206,acguns.qc,4227,AC_bomb,4699,0,5291,0,3,4282,33100000
207,acguns.qc,4227,AC_mine,4707,0,5346,0,3,4314,33100000
208,acguns.qc,4227,paveway_fly,4715,0,5390,6,0,4339,00000000
209,acguns.qc,4227,AC_paveway,4742,0,5486,10,3,4431,33100000
210,acguns.qc,4227,detpak_boom,4753,0,5577,0,0,4498,00000000
211,acguns.qc,4227,detpak_active,4765,0,5670,0,0,4551,00000000
212,acguns.qc,4227,detpak_fall,4779,0,5691,0,0,4564,00000000
213,acguns.qc,4227,AC_detpak,4813,0,5747,0,2,4592,33000000
214,acguns.qc,4227,ACmissile_home,4837,0,5795,22,0,4620,00000000
215,acguns.qc,4227,AC_seekingmissile,4889,0,5989,0,4,4784,33110000
216,acguns.qc,4227,AC_heatseeker,4907,0,6065,0,3,4830,33100000
217,acguns.qc,4227,AC_miniseeker,4921,0,6102,0,3,4854,33100000
218,acguns.qc,4227,AC_bigseeker,4935,0,6139,0,3,4877,33100000
219,acguns.qc,4227,AC_sidewinder,4964,0,6176,0,3,4900,33100000
220,acguns.qc,4227,AC_amraam,4995,0,6213,0,3,4924,33100000
221,acguns.qc,4227,AC_stinger,5021,0,6250,0,3,4949,33100000
222,acguns.qc,4227,AC_maverick,5048,0,6287,0,3,4973,33100000
223,acguns.qc,4227,AC_hellfire,5076,0,6324,0,3,4997,33100000
224,acguns.qc,4227,s_pexplode0,5088,0,6361,0,0,5023,00000000
225,acguns.qc,4227,s_pexplode1,5100,0,6363,0,0,5024,00000000
226,acguns.qc,4227,s_pexplode2,5112,0,6365,0,0,5025,00000000
227,acguns.qc,4227,s_pexplode3,5124,0,6367,0,0,5026,00000000
228,acguns.qc,4227,s_pexplode4,5136,0,6369,0,0,5027,00000000
229,acguns.qc,4227,s_pexplode5,5148,0,6371,0,0,5028,00000000
230,acguns.qc,4227,PlasmaExplosion,5179,0,6373,0,0,5029,00000000
231,acguns.qc,4227,Plasma_Watercheck,5195,0,6386,1,0,5037,00000000
232,acguns.qc,4227,ACplasma_touch,5226,0,6421,1,0,5053,00000000
233,acguns.qc,4227,AC_plasma,5279,0,6465,0,3,5085,33100000
234,acguns.qc,4227,flare_touch,5289,0,6523,0,0,5128,00000000
235,acguns.qc,4227,AC_Flare,5326,0,6527,1,0,5128,00000000
236,ac.qc,5335,cammy_think,5341,0,6613,0,0,5193,00000000
237,ac.qc,5335,target_think,5353,0,6626,0,0,5200,00000000
238,ac.qc,5335,vehicle_think,5366,0,6639,0,0,5207,00000000
239,ac.qc,5335,Create_chasecam,5395,0,6662,1,0,5218,00000000
240,ac.qc,5335,Check_minsmaxs,5411,0,6712,0,1,5240,10000000
241,ac.qc,5335,Throw_ACgib,5435,0,6747,0,0,5262,00000000
242,ac.qc,5335,AC_Explode,5447,0,6789,0,0,5282,00000000
243,ac.qc,5335,AC_Obituary,6027,0,6821,4,2,5286,11000000
244,ac.qc,5335,AC_aim,6039,0,6981,17,2,5391,11000000
245,ac.qc,5335,AC_aim2,6046,0,7134,17,2,5538,11000000
246,ac.qc,5335,T_ACTouch,6146,0,7289,4,0,5686,00000000
247,ac.qc,5335,AC_Fall,6156,0,7542,9,0,5836,00000000
248,ac.qc,5335,AC_Die,6164,0,7581,0,0,5876,00000000
249,he.qc,6171,T_HETouch,6189,0,7606,4,0,5884,00000000
250,he.qc,6171,HE_Fall,6210,0,7835,9,0,6010,00000000
251,he.qc,6171,HE_Die,6218,0,7873,0,0,6052,00000000
252,plane.qc,6225,jet_sound,6387,0,7898,3,0,6059,00000000
253,plane.qc,6225,plane_upright,6397,0,8009,4,0,6099,00000000
254,plane.qc,6225,Turn_plane,6411,0,8058,16,4,6134,31110000
255,plane.qc,6225,Steer_plane,6422,0,8218,8,3,6230,11100000
256,plane.qc,6225,Check_startlanded,6434,0,8373,1,0,6346,00000000
257,plane.qc,6225,setplanespeed,6452,0,8409,4,3,6379,11100000
258,ground.qc,6466,gv_tilt,6476,0,8443,21,0,6405,00000000
259,ground.qc,6466,hv_tilt,6484,0,8611,22,1,6606,10000000
260,ground.qc,6466,Turn_groundveh,6492,0,8803,21,3,6817,31100000
261,ground.qc,6466,Steer_groundveh,6507,0,9127,7,2,7063,11000000
262,ground.qc,6466,Turn_hover,6523,0,9287,22,3,7160,31100000
263,ground.qc,6466,Steer_hover,6534,0,9612,7,2,7400,11000000
264,ground.qc,6466,GV_aim,6546,0,9729,16,2,7471,11000000
265,ground.qc,6466,GV_Die,6553,0,9871,0,0,7610,00000000
266,plane1.qc,6560,ac1_currentammo,6639,0,9896,0,0,7621,00000000
267,plane1.qc,6560,ac1_steer,6690,0,9932,16,0,7646,00000000
268,plane1.qc,6560,ac1_attack,6700,0,10164,7,0,7809,00000000
269,plane1.qc,6560,start_aircraft1,6711,0,10430,2,0,8045,00000000
270,plane2.qc,6727,ac2_currentammo,6772,0,10512,0,0,8094,00000000
271,plane2.qc,6727,ac2_steer,6842,0,10548,15,0,8117,00000000
272,plane2.qc,6727,ac2_attack,6852,0,10792,7,0,8279,00000000
273,plane2.qc,6727,start_aircraft2,6863,0,11030,2,0,8495,00000000
274,plane3.qc,6879,ac3_currentammo,6906,0,11112,0,0,8545,00000000
275,plane3.qc,6879,ac3_steer,6922,0,11148,15,0,8567,00000000
276,plane3.qc,6879,ac3_attack,6932,0,11410,7,0,8772,00000000
277,plane3.qc,6879,start_aircraft3,6943,0,11657,2,0,8970,00000000
278,plane4.qc,6959,ac4_currentammo,6969,0,11739,0,0,9019,00000000
279,plane4.qc,6959,ac4_steer,7020,0,11775,15,0,9040,00000000
280,plane4.qc,6959,ac4_attack,7030,0,12012,7,0,9197,00000000
281,plane4.qc,6959,start_aircraft4,7041,0,12316,2,0,9509,00000000
282,plane5.qc,7057,ac5_currentammo,7084,0,12400,0,0,9559,00000000
283,plane5.qc,7057,ac5_steer,7135,0,12436,15,0,9581,00000000
284,plane5.qc,7057,ac5_attack,7145,0,12656,7,0,9729,00000000
285,plane5.qc,7057,start_aircraft5,7156,0,12914,2,0,9950,00000000
286,helo1.qc,7172,he1_currentammo,7198,0,12996,0,0,10000,00000000
287,helo1.qc,7172,he1_steer,7267,0,13032,16,0,10022,00000000
288,helo1.qc,7172,he1_attack,7277,0,13492,7,0,10330,00000000
289,helo1.qc,7172,start_helo1,7288,0,13730,2,0,10535,00000000
290,ground1.qc,7300,gv1_steer,7490,0,13807,14,0,10581,00000000
291,ground1.qc,7300,gv1_attack,7500,0,14127,8,0,10788,00000000
292,ground1.qc,7300,gv1_currentammo,7527,0,14247,0,0,10893,00000000
293,ground1.qc,7300,start_groundveh1,7577,0,14281,2,0,10913,00000000
294,ground2.qc,7594,gv2_steer,7605,0,14423,14,0,11016,00000000
295,ground2.qc,7594,gv2_attack,7615,0,14782,8,0,11215,00000000
296,ground2.qc,7594,gv2_currentammo,7643,0,15036,0,0,11439,00000000
297,ground2.qc,7594,start_groundveh2,7710,0,15072,2,0,11461,00000000
298,ground3.qc,7727,gv3_steer,7891,0,15241,14,0,11572,00000000
299,ground3.qc,7727,gv3_attack,7924,0,15599,9,0,11780,00000000
300,ground3.qc,7727,gv3_currentammo,7987,0,15865,0,0,11978,00000000
301,ground3.qc,7727,start_groundveh3,8051,0,15901,2,0,12002,00000000
302,ground4.qc,8068,gv4_steer,8232,0,16070,19,0,12113,00000000
303,ground4.qc,8068,gv4_attack,8242,0,16502,8,0,12439,00000000
304,ground4.qc,8068,gv4_currentammo,8253,0,16768,0,0,12645,00000000
305,ground4.qc,8068,start_groundveh4,8317,0,16804,2,0,12666,00000000
306,world.qc,8334,main,9948,0,16975,0,0,12778,00000000
307,world.qc,8334,worldspawn,11112,0,17198,2,0,12890,00000000
308,world.qc,8334,StartFrame,11144,0,17718,0,0,12970,00000000
309,world.qc,8334,bodyque,11155,0,17748,0,0,12982,00000000
310,world.qc,8334,InitBodyQue,11171,0,17749,1,0,12982,00000000
311,world.qc,8334,CopyToBodyQue,11183,0,17783,0,1,13005,10000000
312,control.qc,11197,trigger_runway_touch,11208,0,17819,0,0,13040,00000000
313,control.qc,11197,toffrunway_start,11240,0,17845,1,0,13057,00000000
314,control.qc,11197,trigger_toffrunway,11257,0,17870,0,0,13067,00000000
315,control.qc,11197,landrunway_start,11276,0,17876,1,0,13071,00000000
316,control.qc,11197,trigger_landrunway,11293,0,17901,0,0,13080,00000000
317,control.qc,11197,control_think,11312,0,17907,0,0,13084,00000000
318,control.qc,11197,start_control,11350,0,17963,0,0,13124,00000000
319,control.qc,11197,info_control,11370,0,17998,0,0,13162,00000000
320,control.qc,11197,comm_control,12115,0,18042,5,1,13188,10000000
321,admin.qc,12128,Adminmenu,12242,0,18487,0,0,13333,00000000
322,admin.qc,12128,CheckAdminCmd,12685,0,18509,4,0,13341,00000000
323,client.qc,12699,info_intermission,12709,0,18881,0,0,13500,00000000
324,client.qc,12699,SetChangeParms,12727,0,18882,0,0,13500,00000000
325,client.qc,12699,SetNewParms,12742,0,18928,0,0,13528,00000000
326,client.qc,12699,DecodeLevelParms,12754,0,18941,0,0,13532,00000000
327,client.qc,12699,FindIntermission,12849,0,18963,2,0,13545,00000000
328,client.qc,12699,GotoNextMap,12885,0,19007,2,0,13557,00000000
329,client.qc,12699,ExitIntermission,15631,0,19054,0,0,13573,00000000
330,client.qc,12699,IntermissionThink,15648,0,19176,0,0,13597,00000000
331,client.qc,12699,execute_changelevel,15666,0,19191,1,0,13607,00000000
332,client.qc,12699,changelevel_touch,15705,0,19268,1,0,13641,00000000
333,client.qc,12699,trigger_changelevel,15760,0,19309,0,0,13662,00000000
334,client.qc,12699,respawn,15780,0,19318,0,0,13668,00000000
335,client.qc,12699,ClientKill,15799,0,19355,0,0,13686,00000000
336,client.qc,12699,CheckSpawnPoint,15810,0,19383,0,1,13701,30000000
337,client.qc,12699,SelectAirSpawnPoint,15882,0,19385,10,0,13705,00000000
338,client.qc,12699,PutClientInServer,15963,0,19502,1,0,13755,00000000
339,client.qc,12699,info_player_start,15981,0,19654,0,0,13858,00000000
340,client.qc,12699,info_player_start2,15999,0,19680,3,0,13874,00000000
341,client.qc,12699,testplayerstart,16018,0,19720,0,0,13898,00000000
342,client.qc,12699,info_player_deathmatch,16034,0,19721,0,0,13899,00000000
343,client.qc,12699,info_player_coop,16057,0,19807,0,0,13952,00000000
344,client.qc,12699,NextLevel,16100,0,19830,1,0,13966,00000000
345,client.qc,12699,CheckRules,16130,0,19899,2,0,13997,00000000
346,client.qc,12699,PlayerDeathThink,16574,0,19920,8,0,14008,00000000
347,client.qc,12699,PlayerPreThink,16631,0,20315,6,0,14217,00000000
348,client.qc,12699,CheckPowerups,16646,0,20563,0,0,14391,00000000
349,client.qc,12699,SetCameraPlace,16660,0,20565,8,0,14392,00000000
350,client.qc,12699,PlayerPostThink,16675,0,20699,7,0,14534,00000000
351,client.qc,12699,ClientConnect,16710,0,20943,3,0,14667,00000000
352,client.qc,12699,ClientDisconnect,16753,0,20951,0,0,14672,00000000
353,player.qc,16770,player_stand1,16780,0,20974,0,0,14677,00000000
354,player.qc,16770,player_run,16794,0,21012,0,0,14699,00000000
355,player.qc,16770,player_shot1,16805,0,21053,0,0,14725,00000000
356,player.qc,16770,player_shot2,16818,0,21061,0,0,14731,00000000
357,player.qc,16770,player_shot3,16831,0,21065,0,0,14734,00000000
358,player.qc,16770,player_shot4,16844,0,21069,0,0,14737,00000000
359,player.qc,16770,player_shot5,16857,0,21073,0,0,14740,00000000
360,player.qc,16770,player_shot6,16870,0,21077,0,0,14743,00000000
361,player.qc,16770,player_axe1,16883,0,21081,0,0,14746,00000000
362,player.qc,16770,player_axe2,16895,0,21085,0,0,14749,00000000
363,player.qc,16770,player_axe3,16907,0,21089,0,0,14751,00000000
364,player.qc,16770,player_axe4,16919,0,21093,0,0,14754,00000000
365,player.qc,16770,player_axeb1,16931,0,21097,0,0,14757,00000000
366,player.qc,16770,player_axeb2,16944,0,21101,0,0,14760,00000000
367,player.qc,16770,player_axeb3,16957,0,21105,0,0,14763,00000000
368,player.qc,16770,player_axeb4,16970,0,21109,0,0,14766,00000000
369,player.qc,16770,player_axec1,16983,0,21113,0,0,14768,00000000
370,player.qc,16770,player_axec2,16996,0,21117,0,0,14771,00000000
371,player.qc,16770,player_axec3,17009,0,21121,0,0,14774,00000000
372,player.qc,16770,player_axec4,17022,0,21125,0,0,14777,00000000
373,player.qc,16770,player_axed1,17035,0,21129,0,0,14780,00000000
374,player.qc,16770,player_axed2,17048,0,21133,0,0,14783,00000000
375,player.qc,16770,player_axed3,17061,0,21137,0,0,14786,00000000
376,player.qc,16770,player_axed4,17074,0,21141,0,0,14789,00000000
377,player.qc,16770,player_nail1,17087,0,21145,0,0,14791,00000000
378,player.qc,16770,player_nail2,17100,0,21169,0,0,14806,00000000
379,player.qc,16770,player_light1,17113,0,21193,0,0,14820,00000000
380,player.qc,16770,player_light2,17127,0,21217,0,0,14834,00000000
381,player.qc,16770,player_rocket1,17141,0,21241,0,0,14848,00000000
382,player.qc,16770,player_rocket2,17156,0,21249,0,0,14853,00000000
383,player.qc,16770,player_rocket3,17171,0,21253,0,0,14855,00000000
384,player.qc,16770,player_rocket4,17186,0,21257,0,0,14857,00000000
385,player.qc,16770,player_rocket5,17201,0,21261,0,0,14859,00000000
386,player.qc,16770,player_rocket6,17216,0,21265,0,0,14861,00000000
387,player.qc,16770,PainSound,17331,0,21269,1,0,14864,00000000
388,player.qc,16770,player_pain1,17341,0,21413,0,0,14911,00000000
389,player.qc,16770,player_pain2,17354,0,21418,0,0,14913,00000000
390,player.qc,16770,player_pain3,17367,0,21420,0,0,14914,00000000
391,player.qc,16770,player_pain4,17380,0,21422,0,0,14915,00000000
392,player.qc,16770,player_pain5,17393,0,21424,0,0,14917,00000000
393,player.qc,16770,player_pain6,17406,0,21426,0,0,14919,00000000
394,player.qc,16770,player_axpain1,17419,0,21428,0,0,14920,00000000
395,player.qc,16770,player_axpain2,17434,0,21433,0,0,14923,00000000
396,player.qc,16770,player_axpain3,17449,0,21435,0,0,14924,00000000
397,player.qc,16770,player_axpain4,17464,0,21437,0,0,14925,00000000
398,player.qc,16770,player_axpain5,17479,0,21439,0,0,14926,00000000
399,player.qc,16770,player_axpain6,17494,0,21441,0,0,14927,00000000
400,player.qc,16770,player_pain,17509,0,21443,0,0,14927,00000000
401,player.qc,16770,DeathBubblesSpawn,17528,0,21462,1,0,14941,00000000
402,player.qc,16770,DeathBubbles,17546,0,21515,2,1,14976,10000000
403,player.qc,16770,DeathSound,17579,0,21538,1,0,14990,00000000
404,player.qc,16770,PlayerDead,17590,0,21585,0,0,15008,00000000
405,player.qc,16770,VelocityForDamage,17601,0,21590,4,1,15011,10000000
406,player.qc,16770,ThrowGib,17619,0,21614,3,2,15031,11000000
407,player.qc,16770,ThrowHead,17628,0,21662,0,2,15060,11000000
408,player.qc,16770,GibPlayer,17649,0,21700,0,0,15097,00000000
409,player.qc,16770,PlayerDie,17659,0,21772,1,0,15125,00000000
410,player.qc,16770,set_suicide_frame,17669,0,21867,0,0,15175,00000000
411,player.qc,16770,player_diea1,17687,0,21882,0,0,15182,00000000
412,player.qc,16770,player_diea2,17700,0,21884,0,0,15183,00000000
413,player.qc,16770,player_diea3,17713,0,21886,0,0,15184,00000000
414,player.qc,16770,player_diea4,17726,0,21888,0,0,15185,00000000
415,player.qc,16770,player_diea5,17739,0,21890,0,0,15186,00000000
416,player.qc,16770,player_diea6,17752,0,21892,0,0,15187,00000000
417,player.qc,16770,player_diea7,17765,0,21894,0,0,15188,00000000
418,player.qc,16770,player_diea8,17778,0,21896,0,0,15189,00000000
419,player.qc,16770,player_diea9,17791,0,21898,0,0,15190,00000000
420,player.qc,16770,player_diea10,17804,0,21900,0,0,15192,00000000
421,player.qc,16770,player_diea11,17818,0,21902,0,0,15194,00000000
422,player.qc,16770,player_dieb1,17832,0,21905,0,0,15194,00000000
423,player.qc,16770,player_dieb2,17845,0,21907,0,0,15195,00000000
424,player.qc,16770,player_dieb3,17858,0,21909,0,0,15196,00000000
425,player.qc,16770,player_dieb4,17871,0,21911,0,0,15197,00000000
426,player.qc,16770,player_dieb5,17884,0,21913,0,0,15198,00000000
427,player.qc,16770,player_dieb6,17897,0,21915,0,0,15199,00000000
428,player.qc,16770,player_dieb7,17910,0,21917,0,0,15200,00000000
429,player.qc,16770,player_dieb8,17923,0,21919,0,0,15201,00000000
430,player.qc,16770,player_dieb9,17936,0,21921,0,0,15203,00000000
431,player.qc,16770,player_diec1,17949,0,21924,0,0,15204,00000000
432,player.qc,16770,player_diec2,17962,0,21926,0,0,15205,00000000
433,player.qc,16770,player_diec3,17975,0,21928,0,0,15206,00000000
434,player.qc,16770,player_diec4,17988,0,21930,0,0,15207,00000000
435,player.qc,16770,player_diec5,18001,0,21932,0,0,15208,00000000
436,player.qc,16770,player_diec6,18014,0,21934,0,0,15209,00000000
437,player.qc,16770,player_diec7,18027,0,21936,0,0,15210,00000000
438,player.qc,16770,player_diec8,18040,0,21938,0,0,15212,00000000
439,player.qc,16770,player_diec9,18053,0,21940,0,0,15214,00000000
440,player.qc,16770,player_diec10,18066,0,21942,0,0,15216,00000000
441,player.qc,16770,player_diec11,18080,0,21944,0,0,15218,00000000
442,player.qc,16770,player_diec12,18094,0,21946,0,0,15219,00000000
443,player.qc,16770,player_diec13,18108,0,21948,0,0,15220,00000000
444,player.qc,16770,player_diec14,18122,0,21950,0,0,15221,00000000
445,player.qc,16770,player_diec15,18136,0,21952,0,0,15222,00000000
446,player.qc,16770,player_died1,18150,0,21955,0,0,15222,00000000
447,player.qc,16770,player_died2,18163,0,21957,0,0,15223,00000000
448,player.qc,16770,player_died3,18176,0,21959,0,0,15224,00000000
449,player.qc,16770,player_died4,18189,0,21961,0,0,15225,00000000
450,player.qc,16770,player_died5,18202,0,21963,0,0,15227,00000000
451,player.qc,16770,player_died6,18215,0,21965,0,0,15229,00000000
452,player.qc,16770,player_died7,18228,0,21967,0,0,15230,00000000
453,player.qc,16770,player_died8,18241,0,21969,0,0,15232,00000000
454,player.qc,16770,player_died9,18254,0,21971,0,0,15234,00000000
455,player.qc,16770,player_diee1,18267,0,21974,0,0,15235,00000000
456,player.qc,16770,player_diee2,18280,0,21976,0,0,15237,00000000
457,player.qc,16770,player_diee3,18293,0,21978,0,0,15239,00000000
458,player.qc,16770,player_diee4,18306,0,21980,0,0,15241,00000000
459,player.qc,16770,player_diee5,18319,0,21982,0,0,15243,00000000
460,player.qc,16770,player_diee6,18332,0,21984,0,0,15245,00000000
461,player.qc,16770,player_diee7,18345,0,21986,0,0,15246,00000000
462,player.qc,16770,player_diee8,18358,0,21988,0,0,15247,00000000
463,player.qc,16770,player_diee9,18371,0,21990,0,0,15249,00000000
464,player.qc,16770,player_die_ax1,18384,0,21993,0,0,15250,00000000
465,player.qc,16770,player_die_ax2,18399,0,21995,0,0,15251,00000000
466,player.qc,16770,player_die_ax3,18414,0,21997,0,0,15252,00000000
467,player.qc,16770,player_die_ax4,18429,0,21999,0,0,15253,00000000
468,player.qc,16770,player_die_ax5,18444,0,22001,0,0,15254,00000000
469,player.qc,16770,player_die_ax6,18459,0,22003,0,0,15255,00000000
470,player.qc,16770,player_die_ax7,18474,0,22005,0,0,15256,00000000
471,player.qc,16770,player_die_ax8,18489,0,22007,0,0,15257,00000000
472,player.qc,16770,player_die_ax9,18504,0,22009,0,0,15259,00000000
473,monsters.qc,18519,monster_use,18531,0,22012,0,0,15261,00000000
474,monsters.qc,18519,monster_death_use,18543,0,22040,3,0,15275,00000000
475,monsters.qc,18519,walkmonster_start_go,18616,0,22062,2,0,15292,00000000
476,monsters.qc,18519,walkmonster_start,18637,0,22154,0,0,15356,00000000
477,monsters.qc,18519,flymonster_start_go,18679,0,22165,0,0,15363,00000000
478,monsters.qc,18519,flymonster_start,18699,0,22242,0,0,15405,00000000
479,monsters.qc,18519,swimmonster_start_go,18716,0,22253,0,0,15412,00000000
480,monsters.qc,18519,swimmonster_start,18737,0,22327,0,0,15463,00000000
481,doors.qc,18755,door_blocked,18764,0,22338,0,0,15477,00000000
482,doors.qc,18755,door_hit_top,18777,0,22354,0,0,15483,00000000
483,doors.qc,18755,door_hit_bottom,18790,0,22375,0,0,15493,00000000
484,doors.qc,18755,door_go_down,18806,0,22385,0,0,15495,00000000
485,doors.qc,18755,door_go_up,18819,0,22408,0,0,15505,00000000
486,doors.qc,18755,door_fire,18860,0,22438,2,0,15520,00000000
487,doors.qc,18755,door_use,18870,0,22484,1,0,15544,00000000
488,doors.qc,18755,door_trigger_touch,18879,0,22498,0,0,15552,00000000
489,doors.qc,18755,door_killed,18898,0,22514,1,0,15560,00000000
490,doors.qc,18755,door_touch,18921,0,22525,0,0,15566,00000000
491,doors.qc,18755,spawn_field,18932,0,22571,13,2,15589,33000000
492,doors.qc,18755,EntitiesTouching,18944,0,22591,0,2,15616,11000000
493,doors.qc,18755,LinkDoors,18983,0,22623,8,0,15637,00000000
494,doors.qc,18755,func_door,19275,0,22729,0,0,15698,00000000
495,doors.qc,18755,fd_secret_use,19285,0,22914,1,0,15841,00000000
496,doors.qc,18755,fd_secret_move1,19299,0,23017,0,0,15937,00000000
497,doors.qc,18755,fd_secret_move2,19315,0,23031,0,0,15942,00000000
498,doors.qc,18755,fd_secret_move3,19331,0,23045,0,0,15947,00000000
499,doors.qc,18755,fd_secret_move4,19347,0,23064,0,0,15956,00000000
500,doors.qc,18755,fd_secret_move5,19363,0,23078,0,0,15961,00000000
501,doors.qc,18755,fd_secret_move6,19379,0,23092,0,0,15966,00000000
502,doors.qc,18755,fd_secret_done,19395,0,23106,0,0,15971,00000000
503,doors.qc,18755,secret_blocked,19410,0,23126,0,0,15981,00000000
504,doors.qc,18755,secret_touch,19425,0,23140,0,0,15987,00000000
505,doors.qc,18755,func_door_secret,19548,0,23164,0,0,15996,00000000
506,buttons.qc,19565,button_wait,19576,0,23265,0,0,16063,00000000
507,buttons.qc,19565,button_done,19588,0,23280,0,0,16072,00000000
508,buttons.qc,19565,button_return,19600,0,23283,0,0,16073,00000000
509,buttons.qc,19565,button_blocked,19614,0,23298,0,0,16082,00000000
510,buttons.qc,19565,button_fire,19629,0,23299,0,0,16083,00000000
511,buttons.qc,19565,button_use,19641,0,23322,0,0,16095,00000000
512,buttons.qc,19565,button_touch,19652,0,23326,0,0,16097,00000000
513,buttons.qc,19565,button_killed,19665,0,23338,0,0,16104,00000000
514,buttons.qc,19565,func_button,19762,0,23347,2,0,16109,00000000
515,triggers.qc,19774,trigger_reactivate,19786,0,23434,0,0,16183,00000000
516,triggers.qc,19774,multi_wait,19805,0,23437,0,0,16187,00000000
517,triggers.qc,19774,multi_trigger,19831,0,23447,0,0,16193,00000000
518,triggers.qc,19774,multi_killed,19845,0,23496,0,0,16217,00000000
519,triggers.qc,19774,multi_use,19858,0,23500,0,0,16219,00000000
520,triggers.qc,19774,multi_touch,19868,0,23504,0,0,16221,00000000
521,triggers.qc,19774,trigger_multiple,19951,0,23529,0,0,16241,00000000
522,triggers.qc,19774,trigger_once,19968,0,23588,0,0,16273,00000000
523,triggers.qc,19774,trigger_relay,19981,0,23592,0,0,16275,00000000
524,triggers.qc,19774,trigger_secret,20020,0,23595,0,0,16277,00000000
525,triggers.qc,19774,counter_use,20142,0,23626,1,0,16293,00000000
526,triggers.qc,19774,trigger_counter,20154,0,23683,0,0,16326,00000000
527,triggers.qc,19774,play_teleport,20170,0,23693,2,0,16334,00000000
528,triggers.qc,19774,spawn_tfog,20184,0,23722,0,1,16341,30000000
529,triggers.qc,19774,tdeath_touch,20195,0,23747,0,0,16351,00000000
530,triggers.qc,19774,spawn_tdeath,20208,0,23778,5,2,16364,31000000
531,triggers.qc,19774,teleport_touch,20242,0,23810,5,0,16396,00000000
532,triggers.qc,19774,info_teleport_destination,20271,0,23938,0,0,16531,00000000
533,triggers.qc,19774,teleport_use,20297,0,23955,0,0,16557,00000000
534,triggers.qc,19774,trigger_teleport,20338,0,23962,3,0,16561,00000000
535,triggers.qc,19774,trigger_skill_touch,20355,0,23989,0,0,16586,00000000
536,triggers.qc,19774,trigger_setskill,20375,0,23998,0,0,16590,00000000
537,triggers.qc,19774,trigger_onlyregistered_touch,20392,0,24002,0,0,16592,00000000
538,triggers.qc,19774,trigger_onlyregistered,20421,0,24036,0,0,16603,00000000
539,triggers.qc,19774,hurt_on,20444,0,24042,0,0,16605,00000000
540,triggers.qc,19774,hurt_touch,20452,0,24047,0,0,16608,00000000
541,triggers.qc,19774,trigger_hurt,20463,0,24064,0,0,16615,00000000
542,triggers.qc,19774,trigger_push_touch,20505,0,24073,0,0,16621,00000000
543,triggers.qc,19774,trigger_push,20524,0,24113,0,0,16662,00000000
544,triggers.qc,19774,trigger_monsterjump_touch,20537,0,24124,0,0,16667,00000000
545,triggers.qc,19774,trigger_monsterjump,20563,0,24154,0,0,16689,00000000
546,triggers.qc,19774,trigger_rearm_touch,20583,0,24173,1,0,16707,00000000
547,triggers.qc,19774,trigger_rearm,20603,0,24320,0,0,16788,00000000
548,plats.qc,20617,plat_spawn_inside_trigger,20626,0,24324,7,0,16797,00000000
549,plats.qc,20617,plat_hit_top,20652,0,24376,0,0,16849,00000000
550,plats.qc,20617,plat_hit_bottom,20665,0,24392,0,0,16856,00000000
551,plats.qc,20617,plat_go_down,20681,0,24402,0,0,16858,00000000
552,plats.qc,20617,plat_go_up,20694,0,24418,0,0,16864,00000000
553,plats.qc,20617,plat_center_touch,20705,0,24434,0,0,16870,00000000
554,plats.qc,20617,plat_outside_touch,20723,0,24458,0,0,16883,00000000
555,plats.qc,20617,plat_trigger_use,20742,0,24474,0,0,16891,00000000
556,plats.qc,20617,plat_crush,20787,0,24479,0,0,16892,00000000
557,plats.qc,20617,plat_use,20824,0,24497,0,0,16898,00000000
558,plats.qc,20617,func_plat,20908,0,24506,1,0,16903,00000000
559,plats.qc,20617,train_blocked,20918,0,24612,0,0,16985,00000000
560,plats.qc,20617,train_use,20932,0,24626,0,0,16991,00000000
561,plats.qc,20617,train_wait,20942,0,24632,0,0,16994,00000000
562,plats.qc,20617,train_next,20980,0,24654,1,0,17004,00000000
563,plats.qc,20617,func_train_find,20991,0,24692,1,0,17026,00000000
564,plats.qc,20617,func_train,21075,0,24717,0,0,17046,00000000
565,plats.qc,20617,misc_teleporttrain,21105,0,24787,0,0,17087,00000000
566,misc.qc,21124,info_null,21132,0,24839,0,0,17120,00000000
567,misc.qc,21124,info_sky,21142,0,24842,0,0,17121,00000000
568,misc.qc,21124,info_mins,21151,0,24845,0,0,17123,00000000
569,misc.qc,21124,info_maxs,21161,0,24848,0,0,17127,00000000
570,misc.qc,21124,info_notnull,21171,0,24851,0,0,17131,00000000
571,misc.qc,21124,light_use,21184,0,24852,0,0,17133,00000000
572,misc.qc,21124,light,21194,0,24873,0,0,17144,00000000
573,misc.qc,21124,light_fluoro,21221,0,24897,0,0,17154,00000000
574,misc.qc,21124,light_fluorospark,21253,0,24923,0,0,17166,00000000
575,misc.qc,21124,light_globe,21289,0,24937,0,0,17174,00000000
576,misc.qc,21124,light_street,21316,0,24945,0,0,17176,00000000
577,misc.qc,21124,FireAmbient,21348,0,24964,0,0,17185,00000000
578,misc.qc,21124,light_torch_small_walltorch,21376,0,24973,0,0,17190,00000000
579,misc.qc,21124,light_flame_large_yellow,21421,0,24982,0,0,17192,00000000
580,misc.qc,21124,light_flame_small_yellow,21446,0,24993,0,0,17195,00000000
581,misc.qc,21124,light_flame_small_white,21471,0,25002,0,0,17196,00000000
582,misc.qc,21124,misc_fireball,21495,0,25011,0,0,17198,00000000
583,misc.qc,21124,fire_fly,21509,0,25028,1,0,17207,00000000
584,misc.qc,21124,fire_touch,21518,0,25081,0,0,17239,00000000
585,misc.qc,21124,barrel_explode,21529,0,25089,0,0,17240,00000000
586,misc.qc,21124,misc_explobox,21589,0,25116,1,0,17249,00000000
587,misc.qc,21124,misc_explobox2,21621,0,25156,1,0,17268,00000000
588,misc.qc,21124,spikeshooter_use,21636,0,25196,0,0,17288,00000000
589,misc.qc,21124,shooter_think,21653,0,25228,0,0,17309,00000000
590,misc.qc,21124,trap_spikeshooter,21667,0,25238,0,0,17322,00000000
591,misc.qc,21124,trap_shooter,21685,0,25256,0,0,17326,00000000
592,misc.qc,21124,tmine_boom,21698,0,25272,0,0,17337,00000000
593,misc.qc,21124,tmine_touch,21709,0,25301,0,0,17344,00000000
594,misc.qc,21124,tmine_activated,21721,0,25306,0,0,17346,00000000
595,misc.qc,21124,tmine_start,21737,0,25328,0,0,17365,00000000
596,misc.qc,21124,trap_mine,21749,0,25360,0,0,17387,00000000
597,misc.qc,21124,air_bubbles,21759,0,25366,0,0,17393,00000000
598,misc.qc,21124,make_bubbles,21771,0,25378,1,0,17396,00000000
599,misc.qc,21124,bubble_split,21784,0,25418,1,0,17417,00000000
600,misc.qc,21124,bubble_remove,21797,0,25461,0,0,17440,00000000
601,misc.qc,21124,bubble_bob,21811,0,25469,9,0,17443,00000000
602,misc.qc,21124,viewthing,21822,0,25530,0,0,17485,00000000
603,misc.qc,21124,func_wall_use,21832,0,25540,0,0,17488,00000000
604,misc.qc,21124,func_wall,21846,0,25545,0,0,17492,00000000
605,misc.qc,21124,func_illusionary,21856,0,25558,0,0,17500,00000000
606,misc.qc,21124,func_episodegate,21873,0,25570,0,0,17507,00000000
607,misc.qc,21124,func_bossgate,21890,0,25588,0,0,17518,00000000
608,misc.qc,21124,ambient_suck_wind,21923,0,25605,0,0,17528,00000000
609,misc.qc,21124,ambient_drone,21961,0,25614,0,0,17533,00000000
610,misc.qc,21124,ambient_flouro_buzz,21975,0,25623,0,0,17538,00000000
611,misc.qc,21124,ambient_drip,22014,0,25632,0,0,17542,00000000
612,misc.qc,21124,ambient_comp_hum,22046,0,25641,0,0,17547,00000000
613,misc.qc,21124,ambient_thunder,22085,0,25650,0,0,17552,00000000
614,misc.qc,21124,ambient_light_buzz,22101,0,25659,0,0,17557,00000000
615,misc.qc,21124,ambient_swamp1,22140,0,25668,0,0,17561,00000000
616,misc.qc,21124,ambient_swamp2,22175,0,25677,0,0,17566,00000000
617,misc.qc,21124,noise_think,22289,0,25686,0,0,17571,00000000
618,misc.qc,21124,misc_noisemaker,22359,0,25732,0,0,17579,00000000
619,misc.qc,21124,cutcam_think,22375,0,25760,1,0,17587,00000000
620,misc.qc,21124,info_cutcam,22388,0,25808,0,0,17603,00000000
621,xwall.qc,22400,xwall_checktrig,22409,0,25824,0,0,17612,00000000
622,xwall.qc,22400,xwall_trigtouch,22425,0,25839,0,0,17621,00000000
623,xwall.qc,22400,xwall_preparespawn,22441,0,25843,0,0,17624,00000000
624,xwall.qc,22400,xwall_trigger,22460,0,25866,0,0,17636,00000000
625,xwall.qc,22400,xwall_pieces,22474,0,25897,0,0,17651,00000000
626,xwall.qc,22400,xwall_boom,22487,0,25905,4,0,17653,00000000
627,xwall.qc,22400,xwall_die,22498,0,25945,0,0,17675,00000000
628,xwall.qc,22400,func_xwall_use,22508,0,25954,0,0,17681,00000000
629,xwall.qc,22400,xwall_start,22523,0,25959,0,0,17684,00000000
630,xwall.qc,22400,func_xwall,22544,0,25995,0,0,17708,00000000
631,xwall.qc,22400,rway_die,22555,0,26056,4,0,17749,00000000
632,xwall.qc,22400,runway_start,22564,0,26122,0,0,17783,00000000
633,xwall.qc,22400,func_runway,22577,0,26155,0,0,17805,00000000
634,eground.qc,22589,tilt_etank,22600,0,26168,1,0,17813,00000000
635,eground.qc,22589,turn_eturret,22611,0,26191,16,2,17831,31000000
636,sam.qc,22624,sam_stand,22631,0,26410,0,0,17998,00000000
637,sam.qc,22624,sam_walk,22641,0,26435,0,0,18007,00000000
638,sam.qc,22624,sam_run,22650,0,26437,0,0,18007,00000000
639,sam.qc,22624,sam_death,22658,0,26469,0,0,18022,00000000
640,sam.qc,22624,sam_die,22668,0,26493,0,0,18034,00000000
641,sam.qc,22624,sam_aim,22676,0,26509,10,0,18037,00000000
642,sam.qc,22624,sam_launch,22684,0,26610,4,0,18128,00000000
643,sam.qc,22624,start_monster_sam,22740,0,26649,0,0,18168,00000000
644,sam.qc,22624,monster_sam,22758,0,26730,3,0,18221,00000000
645,aag.qc,22770,aag_stand,22777,0,26780,0,0,18268,00000000
646,aag.qc,22770,aag_walk,22787,0,26813,0,0,18281,00000000
647,aag.qc,22770,aag_run,22796,0,26815,0,0,18281,00000000
648,aag.qc,22770,aag_death,22804,0,26848,0,0,18296,00000000
649,aag.qc,22770,aag_die,22814,0,26872,0,0,18308,00000000
650,aag.qc,22770,aag_aim,22822,0,26888,14,0,18311,00000000
651,aag.qc,22770,aag_launch,22830,0,27046,3,0,18456,00000000
652,aag.qc,22770,start_monster_aag,22891,0,27136,0,0,18548,00000000
653,aag.qc,22770,monster_aag,22909,0,27221,3,0,18600,00000000
654,amg.qc,22921,amg_stand,22928,0,27271,0,0,18648,00000000
655,amg.qc,22921,amg_walk,22938,0,27304,0,0,18661,00000000
656,amg.qc,22921,amg_run,22947,0,27306,0,0,18661,00000000
657,amg.qc,22921,amg_death,22955,0,27339,0,0,18676,00000000
658,amg.qc,22921,amg_die,22965,0,27363,0,0,18688,00000000
659,amg.qc,22921,amg_aim,22973,0,27379,17,0,18691,00000000
660,amg.qc,22921,amg_launch,22981,0,27546,4,0,18846,00000000
661,amg.qc,22921,start_monster_amg,23024,0,27709,0,0,19060,00000000
662,amg.qc,22921,monster_amg,23042,0,27794,3,0,19111,00000000
663,rad.qc,23054,RadFindTarget,23253,0,27844,7,0,19155,00000000
664,rad.qc,23054,rad_stand,23281,0,28106,2,0,19323,00000000
665,rad.qc,23054,rad_walk,23291,0,28203,0,0,19389,00000000
666,rad.qc,23054,rad_run,23300,0,28205,0,0,19389,00000000
667,rad.qc,23054,rad_death,23308,0,28207,0,0,19390,00000000
668,rad.qc,23054,rad_die,23318,0,28231,0,0,19402,00000000
669,rad.qc,23054,rad_aim,23326,0,28247,13,0,19405,00000000
670,rad.qc,23054,rad_assign,23334,0,28318,4,0,19468,00000000
671,rad.qc,23054,start_monster_rad,23383,0,28401,0,0,19530,00000000
672,rad.qc,23054,monster_rad,23401,0,28488,3,0,19584,00000000
673,acdrone.qc,23413,drone_sound,23424,0,28533,3,0,19625,00000000
674,acdrone.qc,23413,T_DroneTouch,23436,0,28645,2,0,19657,00000000
675,acdrone.qc,23413,drone_die,23449,0,28755,0,0,19697,00000000
676,acdrone.qc,23413,drone_fly,23459,0,28782,13,0,19703,00000000
677,acdrone.qc,23413,drone_start,23469,0,28989,0,0,19859,00000000
678,acdrone.qc,23413,monster_drone,23492,0,29043,0,0,19889,00000000
679,acdrone2.qc,23506,drone_auto,23518,0,29075,3,0,19904,00000000
680,acdrone2.qc,23506,drone_cannon,23529,0,29097,3,0,19927,00000000
681,acdrone2.qc,23506,drone_bombs,23542,0,29126,3,0,19954,00000000
682,acdrone2.qc,23506,drone_pave,23554,0,29185,4,0,20062,00000000
683,acdrone2.qc,23506,drone_maver,23565,0,29214,4,0,20094,00000000
684,acdrone2.qc,23506,drone_sider,23577,0,29240,4,0,20117,00000000
685,acdrone2.qc,23506,drone2_fly,23589,0,29258,17,0,20138,00000000
686,acdrone2.qc,23506,drone2_start,23600,0,29682,0,0,20500,00000000
687,acdrone2.qc,23506,monster_drone2,23654,0,29736,0,0,20530,00000000
688,hedrone.qc,23669,Drone_aim,23680,0,29865,16,2,20600,11000000
689,hedrone.qc,23669,he_movetogoal,23690,0,29953,16,0,20699,00000000
690,hedrone.qc,23669,turn_hedrone,23704,0,30398,12,1,21071,30000000
691,hedrone.qc,23669,T_hedroneTouch,23745,0,30585,3,0,21206,00000000
692,hedrone.qc,23669,hedrone_die,23760,0,30740,0,0,21287,00000000
693,hedrone.qc,23669,hedrone_stand,23772,0,30771,15,0,21296,00000000
694,hedrone.qc,23669,hedrone_walk,23786,0,30902,13,0,21428,00000000
695,hedrone.qc,23669,hedrone_run,23799,0,30957,14,0,21470,00000000
696,hedrone.qc,23669,hedrone_start,23811,0,31305,0,0,21795,00000000
697,hedrone.qc,23669,monster_helo,23835,0,31358,0,0,21824,00000000
698,dummy.qc,23848,dummycraft_touch,23857,0,31402,0,0,21847,00000000
699,dummy.qc,23848,dummycraft_die,23874,0,31423,0,0,21859,00000000
700,dummy.qc,23848,monster_dummycraft,23897,0,31429,0,0,21863,00000000
701,etank.qc,23916,etank_sound,23925,0,31506,1,0,21894,00000000
702,etank.qc,23916,etank_die,23937,0,31607,0,0,21915,00000000
703,etank.qc,23916,etank_stand,23947,0,31621,0,0,21921,00000000
704,etank.qc,23916,etank_walk,23959,0,31660,6,0,21943,00000000
705,etank.qc,23916,etank_run,23970,0,31772,11,0,22017,00000000
706,etank.qc,23916,etank_shoot,23980,0,32188,3,0,22379,00000000
707,etank.qc,23916,etank_start,23992,0,32204,0,0,22398,00000000
708,etank.qc,23916,monster_etank,24011,0,32283,0,0,22441,00000000
709,emsam.qc,24025,emsam_run,24034,0,32350,7,0,22482,00000000
710,emsam.qc,24025,emsam_shoot,24044,0,32646,3,0,22733,00000000
711,emsam.qc,24025,emsam_start,24056,0,32696,0,0,22789,00000000
712,emsam.qc,24025,monster_emsam,24068,0,32763,0,0,22826,00000000
713,ehmmv.qc,24082,ehmmv_sound,24091,0,32830,1,0,22863,00000000
714,ehmmv.qc,24082,ehmmv_stand,24103,0,32931,0,0,22884,00000000
715,ehmmv.qc,24082,ehmmv_walk,24115,0,32970,6,0,22906,00000000
716,ehmmv.qc,24082,ehmmv_run,24126,0,33082,11,0,22980,00000000
717,ehmmv.qc,24082,ehmmv_start,24136,0,33325,0,0,23173,00000000
718,ehmmv.qc,24082,monster_ehmmv,24164,0,33404,0,0,23216,00000000
