row,file,s_file,name,s_name,profile,first_statement,locals,numparms,parm_start,parm_size
0,unknown.qc,0,func000000,0,0,0,0,0,0,00000000
1,5?????,1,makevectors,9,0,-1,0,1,462,30000000
2,5?????,1,setorigin,21,0,-2,0,2,463,13000000
3,5?????,1,setmodel,31,0,-3,0,2,464,11000000
4,5?????,1,setsize,40,0,-4,0,3,465,13300000
5,5?????,1,break,48,0,-6,0,0,466,00000000
6,5?????,1,random,54,0,-7,0,0,467,00000000
7,5?????,1,sound,61,0,-8,0,5,468,11111000
8,5?????,1,normalize,67,0,-9,0,1,469,30000000
9,5?????,1,error,77,0,-10,0,1,470,10000000
10,5?????,1,objerror,83,0,-11,0,1,471,10000000
11,5?????,1,vlen,92,0,-12,0,1,472,30000000
12,5?????,1,vectoyaw,97,0,-13,0,1,473,30000000
13,5?????,1,spawn,106,0,-14,0,0,474,00000000
14,5?????,1,remove,112,0,-15,0,1,475,10000000
15,5?????,1,traceline,119,0,-16,0,4,476,33110000
16,5?????,1,checkclient,129,0,-17,0,0,477,00000000
17,5?????,1,find,141,0,-18,0,3,478,11100000
18,5?????,1,precache_sound,146,0,-19,0,1,479,10000000
19,5?????,1,precache_model,161,0,-20,0,1,480,10000000
20,5?????,1,stuffcmd,176,0,-21,0,2,481,11000000
21,5?????,1,findradius,185,0,-22,0,2,482,31000000
22,5?????,1,bprint,196,0,-23,0,1,483,10000000
23,5?????,1,sprint,203,0,-24,0,2,484,11000000
24,5?????,1,dprint,210,0,-25,0,1,485,10000000
25,5?????,1,ftos,217,0,-26,0,1,486,10000000
26,5?????,1,vtos,222,0,-27,0,1,487,30000000
27,5?????,1,coredump,227,0,-28,0,0,488,00000000
28,5?????,1,traceon,236,0,-29,0,0,489,00000000
29,5?????,1,traceoff,244,0,-30,0,0,490,00000000
30,5?????,1,eprint,253,0,-31,0,1,491,10000000
31,5?????,1,walkmove,260,0,-32,0,2,492,11000000
32,5?????,1,droptofloor,269,0,-34,0,2,493,11000000
33,5?????,1,lightstyle,281,0,-35,0,2,494,11000000
34,5?????,1,rint,292,0,-36,0,1,495,10000000
35,5?????,1,floor,297,0,-37,0,1,496,10000000
36,5?????,1,ceil,303,0,-38,0,1,497,10000000
37,5?????,1,checkbottom,308,0,-40,0,1,498,10000000
38,5?????,1,pointcontents,320,0,-41,0,1,499,30000000
39,5?????,1,fabs,334,0,-43,0,1,500,10000000
40,5?????,1,aim,339,0,-44,0,2,501,11000000
41,5?????,1,cvar,343,0,-45,0,1,502,10000000
42,5?????,1,localcmd,348,0,-46,0,1,503,10000000
43,5?????,1,nextent,357,0,-47,0,1,504,10000000
44,5?????,1,particle,365,0,-48,0,4,505,33110000
45,5?????,1,ChangeYaw,374,0,-49,0,0,506,00000000
46,5?????,1,vectoangles,384,0,-51,0,1,507,30000000
47,5?????,1,WriteByte,396,0,-52,0,2,508,11000000
48,5?????,1,WriteChar,406,0,-53,0,2,509,11000000
49,5?????,1,WriteShort,416,0,-54,0,2,510,11000000
50,5?????,1,WriteLong,427,0,-55,0,2,511,11000000
51,5?????,1,WriteCoord,437,0,-56,0,2,512,11000000
52,5?????,1,WriteAngle,448,0,-57,0,2,513,11000000
53,5?????,1,WriteString,459,0,-58,0,2,514,11000000
54,5?????,1,WriteEntity,471,0,-59,0,2,515,11000000
55,5?????,1,movetogoal,483,0,-67,0,1,516,10000000
56,5?????,1,precache_file,494,0,-68,0,1,517,10000000
57,5?????,1,makestatic,508,0,-69,0,1,518,10000000
58,5?????,1,changelevel,519,0,-70,0,1,519,10000000
59,5?????,1,cvar_set,531,0,-72,0,2,520,11000000
60,5?????,1,centerprint,540,0,-73,0,2,521,11000000
61,5?????,1,ambientsound,552,0,-74,0,4,522,31110000
62,5?????,1,precache_model2,565,0,-75,0,1,523,10000000
63,5?????,1,precache_sound2,581,0,-76,0,1,524,10000000
64,5?????,1,precache_file2,597,0,-77,0,1,525,10000000
65,5?????,1,setspawnparms,612,0,-78,0,1,526,10000000
66,,?}?????,626,rally_centre,635,0,1,0,0,817,00000000
67,,?}?????,626,rally_right10,648,0,3,0,0,819,00000000
68,,?}?????,626,rally_right20,662,0,5,0,0,821,00000000
69,,?}?????,626,rally_right30,676,0,7,0,0,823,00000000
70,,?}?????,626,rally_left10,690,0,9,0,0,825,00000000
71,,?}?????,626,rally_left20,703,0,11,0,0,827,00000000
72,,?}?????,626,rally_left30,716,0,13,0,0,829,00000000
73,,?}?????,626,steer_centre,729,0,15,0,0,831,00000000
74,,?}?????,626,steer_right10,742,0,19,0,0,834,00000000
75,,?}?????,626,steer_right20,756,0,23,0,0,837,00000000
76,,?}?????,626,steer_right30,770,0,27,0,0,841,00000000
77,,?}?????,626,steer_right40,784,0,31,0,0,845,00000000
78,,?}?????,626,steer_left10,798,0,35,0,0,849,00000000
79,,?}?????,626,steer_left20,811,0,39,0,0,851,00000000
80,,?}?????,626,steer_left30,824,0,43,0,0,853,00000000
81,,?}?????,626,steer_left40,837,0,47,0,0,855,00000000
82,,?}?????,626,angle_diff,850,0,51,0,2,861,11000000
83,,?}?????,626,commentary,882,0,73,0,2,877,11000000
84,,?}?????,626,SpawnPart,893,0,92,14,2,891,33000000
85,,?}?????,626,SetCarDetails,1190,0,121,0,0,933,00000000
86,,?}?????,626,CallClientPrefs,1252,0,345,2,1,1063,10000000
87,,?}?????,626,FindFirstMarker,1281,0,412,1,0,1103,00000000
88,,?}?????,626,angle_think,1574,0,427,0,0,1109,00000000
89,,?}?????,626,fade_to_normal,1602,0,502,1,0,1132,00000000
90,,?}?????,626,CreateVehicleEntities,1774,0,542,14,0,1157,00000000
91,,?}?????,626,CalcVehPosition,1796,0,878,18,4,1386,31110000
92,,?}?????,626,SetVehPosition,1812,0,907,8,5,1442,11111000
93,,?}?????,626,MoveToAngle,1827,0,918,4,3,1454,11100000
94,,?}?????,626,BodyRoll,1839,0,958,0,0,1480,00000000
95,,?}?????,626,CheckCultCars,1935,0,979,1,0,1498,00000000
96,,?}?????,626,SpawnDeathWheel,1964,0,1012,3,2,1510,11000000
97,,?}?????,626,DeathThink,1980,0,1078,3,0,1625,00000000
98,,?}?????,626,DestroyVehicle,2038,0,1233,1,0,1756,00000000
99,,?}?????,626,GetAveragePrevRoll,2053,0,1314,1,0,1822,00000000
100,,?}?????,626,CarAirborne,2090,0,1330,5,0,1830,00000000
101,,?}?????,626,dirt1,2102,0,1507,0,0,1986,00000000
102,,?}?????,626,dirt2,2108,0,1512,0,0,1990,00000000
103,,?}?????,626,dirt3,2114,0,1517,0,0,1994,00000000
104,,?}?????,626,dirt5,2120,0,1530,0,0,2003,00000000
105,,?}?????,626,dirt6,2126,0,1543,0,0,2012,00000000
106,,?}?????,626,dirt7,2132,0,1545,0,0,2013,00000000
107,,?}?????,626,dirt8,2138,0,1547,0,0,2014,00000000
108,,?}?????,626,dirt9,2144,0,1549,0,0,2014,00000000
109,,?}?????,626,dirt10,2150,0,1551,0,0,2015,00000000
110,,?}?????,626,dirt11,2157,0,1553,0,0,2016,00000000
111,,?}?????,626,dirt12,2164,0,1555,0,0,2017,00000000
112,,?}?????,626,dirt13,2171,0,1557,0,0,2018,00000000
113,,?}?????,626,dirt14,2178,0,1559,0,0,2019,00000000
114,,?}?????,626,SpawnDirt,2201,0,1563,17,4,2020,13330000
115,,?}?????,626,MoveTail,2531,0,1592,46,0,2053,00000000
116,,?}?????,626,MoveWheels,2540,0,2556,5,0,2940,00000000
117,,?}?????,626,ReduceVelocity,2551,0,2770,3,2,3113,11000000
118,,?}?????,626,SetPrevSurfAngle,2566,0,2783,0,1,3131,10000000
119,,?}?????,626,SetSurfaceAngle,2594,0,2800,24,0,3143,00000000
120,,?}?????,626,checkHealth,2610,0,3121,0,0,3395,00000000
121,,?}?????,626,CarCollision,2741,0,3126,9,2,3398,11000000
122,,?}?????,626,CarGib,2770,0,3221,8,2,3476,33000000
123,,?}?????,626,CarGibs,2777,0,3264,11,3,3510,33100000
124,,?}?????,626,CheckForCollision,3134,0,3291,15,1,3543,10000000
125,,?}?????,626,DoEngineNoises,4604,0,3859,7,1,3903,10000000
126,,?}?????,626,body_close_to_ground,4619,0,4492,6,1,4202,10000000
127,,?}?????,626,FindNextMarker,4729,0,4507,4,1,4220,10000000
128,,?}?????,626,MoveVehicle,4855,0,4543,48,0,4237,00000000
129,,?}?????,626,checkSteering,4875,0,5284,10,0,4974,00000000
130,,?}?????,626,SteerChange,4889,0,5420,2,1,5057,10000000
131,,?}?????,626,calc_steering_controls,4901,0,5471,4,0,5091,00000000
132,,?}?????,626,VehiclePreThink,5036,0,5504,28,0,5106,00000000
133,,?}?????,626,DestroyVehicleParts,5052,0,6421,0,0,5866,00000000
134,,?}?????,626,CheckDriverReady,5128,0,6470,1,0,5891,00000000
135,,?}?????,626,NullModel,5145,0,6549,0,0,5927,00000000
136,,?}?????,626,PreRaceMsg,5803,0,6553,3,0,5929,00000000
137,,?}?????,626,CheckFirstStartFinish,5827,0,6741,0,0,6000,00000000
138,,?}?????,626,finish_think,5849,0,6762,0,0,6011,00000000
139,,?}?????,626,spawn_finish_model,5891,0,6775,2,0,6020,00000000
140,,?}?????,626,rally_startfinish,5910,0,6827,8,0,6056,00000000
141,,?}?????,626,rally_startfinish_brush,5928,0,6887,0,0,6108,00000000
142,,?}?????,626,rally_startfinish_flag,5952,0,6928,0,0,6124,00000000
143,,?}?????,626,StartNextRace,5975,0,6935,0,0,6133,00000000
144,,?}?????,626,GetDriverAtPos,5989,0,6939,2,1,6134,10000000
145,,?}?????,626,ShowRaceResults,6004,0,6945,3,0,6137,00000000
146,,?}?????,626,RaceOverMsg,6031,0,6954,1,0,6145,00000000
147,,?}?????,626,CheckLaps,6221,0,6982,3,0,6155,00000000
148,,?}?????,626,CheckFastestLap,6326,0,7114,1,0,6219,00000000
149,,?}?????,626,startfinish_touch,6354,0,7178,1,0,6245,00000000
150,,?}?????,626,flag_think,6372,0,7244,0,0,6282,00000000
151,,?}?????,626,spawn_marker_flag,6401,0,7260,2,0,6292,00000000
152,,?}?????,626,rally_marker,6419,0,7310,6,0,6329,00000000
153,,?}?????,626,rally_marker_brush,6432,0,7326,0,0,6351,00000000
154,,?}?????,626,marker_touch,6497,0,7329,1,0,6352,00000000
155,,?}?????,626,ToggleHeadlights,6510,0,7474,0,0,6439,00000000
156,,?}?????,626,player_infront,6527,0,7530,4,2,6467,11000000
157,,?}?????,626,SortPlayersByPosition,6729,0,7550,7,0,6493,00000000
158,,?}?????,626,BuildPlayerList,6762,0,7748,2,0,6609,00000000
159,,?}?????,626,PlaceRallyItem,6778,0,7784,0,0,6623,00000000
160,,?}?????,626,StartRallyItem,6793,0,7799,0,0,6635,00000000
161,,?}?????,626,boost_touch,6808,0,7805,0,0,6639,00000000
162,,?}?????,626,rally_boost,6820,0,7841,0,0,6679,00000000
163,,?}?????,626,rally_boost_brush,6844,0,7849,0,0,6687,00000000
164,,?}?????,626,rally_arrow,6862,0,7866,0,0,6696,00000000
165,,?}?????,626,bot_marker_touch,6874,0,7875,0,0,6704,00000000
166,,?}?????,626,rally_bot_marker,6891,0,7896,6,0,6717,00000000
167,,?}?????,626,rally_bot_marker_brush,6925,0,7904,0,0,6725,00000000
168,,?}?????,626,jump_touch,6948,0,7923,0,0,6735,00000000
169,,?}?????,626,rally_jump,6959,0,7939,0,0,6746,00000000
170,,?}?????,626,rally_jump_brush,6981,0,7953,0,0,6756,00000000
171,,?}?????,626,cone_think,6998,0,7970,1,0,6767,00000000
172,,?}?????,626,cone_touch,7036,0,7979,3,0,6773,00000000
173,,?}?????,626,rally_cone,7090,0,8039,0,0,6828,00000000
174,,?}?????,626,rally_baracade,7152,0,8075,0,0,6848,00000000
175,,?}?????,626,changesurface_touch,7167,0,8111,0,0,6874,00000000
176,,?}?????,626,rally_changesurface,7187,0,8119,6,0,6879,00000000
177,,?}?????,626,rally_changesurface_brush,7227,0,8140,0,0,6898,00000000
178,,?}?????,626,monster_hell_knight,7253,0,8157,0,0,6907,00000000
179,,?}?????,626,monster_fish,7273,0,8159,0,0,6908,00000000
180,,?}?????,626,monster_tarbaby,7286,0,8161,0,0,6909,00000000
181,,?}?????,626,monster_shalrath,7302,0,8163,0,0,6910,00000000
182,,?}?????,626,monster_enforcer,7319,0,8165,0,0,6911,00000000
183,,?}?????,626,CreditsThink,7775,0,8167,0,0,6912,00000000
184,,?}?????,626,StartDemoCredits,7788,0,8226,1,0,6940,00000000
185,,?}?????,626,bounce_object,7805,0,8240,3,0,6948,00000000
186,,?}?????,626,stopsign_touch,7873,0,8286,2,0,6996,00000000
187,,?}?????,626,rally_stopsign,7939,0,8356,0,0,7061,00000000
188,,?}?????,626,rally_type,8002,0,8392,1,0,7081,00000000
189,,?}?????,626,rally_observer_cam,8013,0,8443,0,0,7113,00000000
190,,?}?????,626,GetObserverSpot,8091,0,8457,1,0,7119,00000000
191,,?}?????,626,SetObserverSpot,8140,0,8478,5,2,7126,11000000
192,,?}?????,626,rally_starter,8175,0,8537,0,0,7164,00000000
193,,?}?????,626,RemoveAllWeaponItems,8189,0,8555,2,0,7174,00000000
194,,?}?????,626,CultIntroThink,8454,0,8579,0,0,7184,00000000
195,,?}?????,626,WaterScreenThink,8504,0,8597,1,0,7195,00000000
196,o???8<?&?,8521,FindSightEnemy,8564,0,8631,13,6,7211,33111100
197,o???8<?&?,8521,RocketSeek,8579,0,8704,13,0,7270,00000000
198,??????,8590,SUB_Null,8598,0,8800,0,0,7371,00000000
199,??????,8590,SUB_Remove,8607,0,8801,0,0,7371,00000000
200,??????,8590,SetMovedir,8618,0,8804,0,0,7372,00000000
201,??????,8590,InitTrigger,8629,0,8824,0,0,7405,00000000
202,??????,8590,SUB_CalcMoveEnt,8641,0,8841,7,4,7414,13110000
203,??????,8590,SUB_CalcMove,8678,0,8849,10,3,7421,31100000
204,??????,8590,SUB_CalcMoveDone,8691,0,8895,0,0,7472,00000000
205,??????,8590,SUB_CalcAngleMoveEnt,8708,0,8908,7,4,7482,13110000
206,??????,8590,SUB_CalcAngleMove,8729,0,8916,10,3,7489,31100000
207,??????,8590,SUB_CalcAngleMoveDone,8747,0,8943,0,0,7522,00000000
208,??????,8590,DelayThink,8769,0,8955,0,0,7535,00000000
209,??????,8590,SUB_UseTargets,8805,0,8961,4,0,7536,00000000
210,??????,8590,SUB_AttackFinished,8820,0,9048,0,1,7574,10000000
211,??????,8590,SUB_CheckRefire,8839,0,9056,0,1,7581,10000000
212,? ??PW,8855,knight_attack,8864,0,9074,1,0,7596,00000000
213,? ??PW,8855,CheckAttack,8878,0,9087,8,0,7621,00000000
214,? ??PW,8855,ai_face,8890,0,9088,0,0,7629,00000000
215,? ??PW,8855,ai_charge,8898,0,9098,0,1,7643,10000000
216,? ??PW,8855,ai_charge_side,8908,0,9102,4,0,7645,00000000
217,? ??PW,8855,ai_melee,8923,0,9103,4,0,7650,00000000
218,? ??PW,8855,ai_melee_side,8932,0,9104,4,0,7655,00000000
219,? ??PW,8855,SoldierCheckAttack,8946,0,9105,8,0,7660,00000000
220,? ??PW,8855,ShamCheckAttack,8965,0,9106,8,0,7669,00000000
221,? ??PW,8855,OgreCheckAttack,8981,0,9162,8,0,7713,00000000
222,???g^,8997,anglemod,9003,0,9226,0,1,7761,10000000
223,???g^,8997,movetarget_f,9046,0,9238,0,0,7766,00000000
224,???g^,8997,path_corner,9059,0,9252,0,0,7778,00000000
225,???g^,8997,t_movetarget,9071,0,9254,1,0,7778,00000000
226,???g^,8997,range,9084,0,9255,8,1,7779,10000000
227,???g^,8997,visible,9090,0,9278,7,1,7811,10000000
228,???g^,8997,infront,9098,0,9299,5,1,7838,10000000
229,???g^,8997,HuntTarget,9106,0,9315,0,0,7858,00000000
230,???g^,8997,SightSound,9612,0,9335,1,0,7876,00000000
231,???g^,8997,FoundTarget,9623,0,9497,0,0,7937,00000000
232,???g^,8997,FindTarget,9635,0,9509,2,0,7943,00000000
233,???g^,8997,ai_forward,9646,0,9589,0,1,7982,10000000
234,???g^,8997,ai_back,9657,0,9594,0,1,7985,10000000
235,???g^,8997,ai_pain,9665,0,9600,0,1,7989,10000000
236,???g^,8997,ai_painforward,9673,0,9603,0,1,7991,10000000
237,???g^,8997,ai_walk,9703,0,9608,4,1,7994,10000000
238,???g^,8997,ai_stand,9711,0,9621,0,0,8002,00000000
239,???g^,8997,ai_turn,9720,0,9631,0,0,8006,00000000
240,???g^,8997,ChooseTurn,9728,0,9636,9,1,8006,30000000
241,???g^,8997,FacingIdeal,9739,0,9659,1,0,8028,00000000
242,???g^,8997,CheckAnyAttack,9751,0,9672,0,0,8037,00000000
243,???g^,8997,ai_run_melee,9766,0,9678,0,0,8039,00000000
244,???g^,8997,ai_run_missile,9779,0,9688,0,0,8043,00000000
245,???g^,8997,ai_run_slide,9794,0,9698,1,0,8047,00000000
246,???g^,8997,ai_run,9807,0,9723,9,1,8059,10000000
247,?m?_ ,9814,CanDamage,9824,0,9724,0,2,8071,11000000
248,?m?_ ,9814,Killed,9834,0,9800,3,2,8152,11000000
249,?m?_ ,9814,T_Damage,9860,0,9842,10,4,8174,11110000
250,?m?_ ,9814,T_RadiusDamage,9869,0,9960,9,4,8275,11110000
251,?m?_ ,9814,T_BeamDamage,9884,0,10018,4,2,8325,11000000
252,?{-?F?(?,9897,SUB_regen,9924,0,10068,0,0,8354,00000000
253,?{-?F?(?,9897,noclass,9953,0,10084,0,0,8362,00000000
254,?{-?F?(?,9897,PlaceItem,9994,0,10096,1,0,8367,00000000
255,?{-?F?(?,9897,StartItem,10004,0,10132,0,0,8388,00000000
256,?{-?F?(?,9897,T_Heal,10014,0,10138,0,3,8391,11100000
257,?{-?F?(?,9897,item_health,10124,0,10172,0,0,8421,00000000
258,?{-?F?(?,9897,health_touch,10158,0,10227,2,0,8444,00000000
259,?{-?F?(?,9897,item_megahealth_rot,10171,0,10310,0,0,8477,00000000
260,?{-?F?(?,9897,armor_touch,10261,0,10338,3,0,8496,00000000
261,?{-?F?(?,9897,item_armor1,10289,0,10410,0,0,8536,00000000
262,?{-?F?(?,9897,item_armor2,10301,0,10425,0,0,8543,00000000
263,?{-?F?(?,9897,item_armorInv,10313,0,10440,0,0,8546,00000000
264,?{-?F?(?,9897,bound_other_ammo,10327,0,10455,0,0,8549,00000000
265,?{-?F?(?,9897,RankForWeapon,10344,0,10476,0,1,8562,10000000
266,?{-?F?(?,9897,Deathmatch_Weapon,10358,0,10496,4,2,8570,11000000
267,?{-?F?(?,9897,weapon_touch,10732,0,10508,6,0,8578,00000000
268,?{-?F?(?,9897,weapon_supershotgun,10787,0,10736,0,0,8706,00000000
269,?{-?F?(?,9897,weapon_nailgun,10824,0,10756,0,0,8713,00000000
270,?{-?F?(?,9897,weapon_supernailgun,10871,0,10762,0,0,8716,00000000
271,?{-?F?(?,9897,weapon_rocketlauncher,10925,0,10782,0,0,8723,00000000
272,?{-?F?(?,9897,weapon_repulsor,10976,0,10802,0,0,8730,00000000
273,?{-?F?(?,9897,weapon_detonator,11022,0,10822,0,0,8737,00000000
274,?{-?F?(?,9897,weapon_grenadelauncher,11073,0,10842,0,0,8744,00000000
275,?{-?F?(?,9897,weapon_minelauncher,11128,0,10866,0,0,8752,00000000
276,?{-?F?(?,9897,weapon_lasergun,11176,0,10886,0,0,8759,00000000
277,?{-?F?(?,9897,ammo_touch,11223,0,10906,2,0,8765,00000000
278,?{-?F?(?,9897,item_shells,11277,0,11018,0,0,8817,00000000
279,?{-?F?(?,9897,item_spikes,11329,0,11051,0,0,8829,00000000
280,?{-?F?(?,9897,item_rockets,11383,0,11084,0,0,8841,00000000
281,?{-?F?(?,9897,item_cells,11445,0,11117,0,0,8853,00000000
282,?{-?F?(?,9897,item_weapon,11456,0,11150,0,0,8869,00000000
283,?{-?F?(?,9897,key_touch,11468,0,11153,2,0,8871,00000000
284,?{-?F?(?,9897,key_setsounds,11528,0,11200,0,0,8890,00000000
285,?{-?F?(?,9897,item_key1,11637,0,11222,0,0,8903,00000000
286,?{-?F?(?,9897,item_key2,11736,0,11265,0,0,8927,00000000
287,?{-?F?(?,9897,sigil_touch,11764,0,11306,2,0,8945,00000000
288,?{-?F?(?,9897,item_sigil,11850,0,11340,0,0,8960,00000000
289,?{-?F?(?,9897,powerup_touch,11970,0,11389,2,0,8978,00000000
290,?{-?F?(?,9897,item_artifact_invulnerability,12064,0,11481,0,0,9030,00000000
291,?{-?F?(?,9897,item_artifact_envirosuit,12148,0,11506,0,0,9039,00000000
292,?{-?F?(?,9897,item_artifact_invisibility,12253,0,11529,0,0,9048,00000000
293,?{-?F?(?,9897,item_artifact_super_damage,12364,0,11554,0,0,9058,00000000
294,?{-?F?(?,9897,BackpackTouch,12438,0,11579,5,0,9068,00000000
295,?{-?F?(?,9897,DropBackpack,12471,0,11700,1,0,9122,00000000
296,????^?<Y??,12484,W_Precache,12720,0,11764,0,0,9175,00000000
297,????^?<Y??,12484,crandom,12731,0,11789,0,0,9188,00000000
298,????^?<Y??,12484,W_FireAxe,12757,0,11794,6,0,9191,00000000
299,????^?<Y??,12484,wall_velocity,12767,0,11846,3,0,9220,00000000
300,????^?<Y??,12484,SpawnMeatSpray,12799,0,11868,8,2,9250,33000000
301,????^?<Y??,12484,SpawnBlood,12814,0,11906,0,3,9282,33100000
302,????^?<Y??,12484,spawn_touchblood,12825,0,11914,4,1,9295,10000000
303,????^?<Y??,12484,SpawnChunk,12842,0,11925,0,2,9313,33000000
304,????^?<Y??,12484,ClearMultiDamage,12853,0,11932,0,0,9326,00000000
305,????^?<Y??,12484,ApplyMultiDamage,12870,0,11935,0,0,9327,00000000
306,????^?<Y??,12484,AddMultiDamage,12887,0,11944,0,2,9329,11000000
307,????^?<Y??,12484,TraceAttack,12902,0,11956,10,2,9335,13000000
308,????^?<Y??,12484,FireBullets,12914,0,12000,13,3,9377,13300000
309,????^?<Y??,12484,W_FireShotgun,12926,0,12041,3,0,9431,00000000
310,????^?<Y??,12484,W_FireSuperShotgun,12940,0,12064,3,0,9444,00000000
311,????^?<Y??,12484,s_explode1,12959,0,12092,0,0,9459,00000000
312,????^?<Y??,12484,s_explode2,12970,0,12094,0,0,9460,00000000
313,????^?<Y??,12484,s_explode3,12981,0,12096,0,0,9461,00000000
314,????^?<Y??,12484,s_explode4,12992,0,12098,0,0,9462,00000000
315,????^?<Y??,12484,s_explode5,13003,0,12100,0,0,9463,00000000
316,????^?<Y??,12484,s_explode6,13014,0,12102,0,0,9464,00000000
317,????^?<Y??,12484,BecomeExplosion,13044,0,12104,0,0,9464,00000000
318,????^?<Y??,12484,T_MissileTouch,13060,0,12117,1,0,9471,00000000
319,????^?<Y??,12484,W_FireRocket,13115,0,12191,9,0,9511,00000000
320,????^?<Y??,12484,LightningDamage,13128,0,12287,13,4,9588,33110000
321,????^?<Y??,12484,W_FireLightning,13144,0,12376,3,0,9644,00000000
322,????^?<Y??,12484,GrenadeExplode,13160,0,12377,0,0,9648,00000000
323,????^?<Y??,12484,GrenadeDetonateThink,13194,0,12455,0,0,9706,00000000
324,????^?<Y??,12484,GrenadeTouch,13252,0,12510,0,0,9731,00000000
325,????^?<Y??,12484,GrenadeThink,13265,0,12559,0,0,9755,00000000
326,????^?<Y??,12484,W_FireGrenade,13306,0,12588,2,0,9784,00000000
327,????^?<Y??,12484,MineExplode,13320,0,12645,0,0,9826,00000000
328,????^?<Y??,12484,MineTouch,13332,0,12671,0,0,9831,00000000
329,????^?<Y??,12484,SpawnMine,13363,0,12698,8,2,9845,31000000
330,????^?<Y??,12484,MineThink,13373,0,12760,5,0,9916,00000000
331,????^?<Y??,12484,W_FireMine,13383,0,12836,2,0,9968,00000000
332,????^?<Y??,12484,LaserTouch,13419,0,12915,0,0,10029,00000000
333,????^?<Y??,12484,spawn_laser,13452,0,12947,8,1,10041,30000000
334,????^?<Y??,12484,W_FireLaser,13484,0,13002,0,0,10100,00000000
335,????^?<Y??,12484,launch_spike,13518,0,13053,0,2,10138,33000000
336,????^?<Y??,12484,W_FireSuperSpikes,13531,0,13088,4,0,10164,00000000
337,????^?<Y??,12484,W_FireSpikes,13549,0,13169,5,1,10216,10000000
338,????^?<Y??,12484,spike_touch,13583,0,13208,1,0,10244,00000000
339,????^?<Y??,12484,superspike_touch,13595,0,13296,1,0,10266,00000000
340,????^?<Y??,12484,W_SetCurrentAmmo,13612,0,13370,0,0,10282,00000000
341,????^?<Y??,12484,W_BestWeapon,13629,0,13524,1,0,10385,00000000
342,????^?<Y??,12484,W_CheckNoAmmo,13642,0,13569,0,0,10412,00000000
343,????^?<Y??,12484,W_Attack,13685,0,13579,4,0,10423,00000000
344,????^?<Y??,12484,W_ChangeWeapon,13724,0,13663,3,0,10470,00000000
345,????^?<Y??,12484,GiveDukesLaunchers,13739,0,13748,1,0,10512,00000000
346,????^?<Y??,12484,CheatCommand,13783,0,13760,0,0,10517,00000000
347,????^?<Y??,12484,CycleWeaponCommand,13796,0,13800,3,0,10539,00000000
348,????^?<Y??,12484,ServerflagsCommand,13815,0,13882,0,0,10583,00000000
349,????^?<Y??,12484,QuadCheat,13846,0,13886,0,0,10586,00000000
350,????^?<Y??,12484,ID,13856,0,13901,0,0,10595,00000000
351,????^?<Y??,12484,Chase_cam_setweapon,13859,0,13902,2,1,10606,10000000
352,????^?<Y??,12484,Start_chase_cam,13889,0,13907,2,1,10609,10000000
353,????^?<Y??,12484,Reable_chase_cam,13905,0,13964,0,0,10646,00000000
354,????^?<Y??,12484,Remove_chase_cam,13922,0,13984,0,1,10654,10000000
355,????^?<Y??,12484,Toggle_chase_cam,13939,0,14015,0,0,10673,00000000
356,????^?<Y??,12484,Toggle_chase_type,14005,0,14036,0,0,10686,00000000
357,????^?<Y??,12484,SDR_SightThink,14057,0,14055,3,0,10697,00000000
358,????^?<Y??,12484,SDR_SightMake,14084,0,14099,1,0,10732,00000000
359,????^?<Y??,12484,LaserTargeterTrack,14098,0,14124,6,0,10746,00000000
360,????^?<Y??,12484,LaserTargeterToggle,14136,0,14162,2,1,10789,10000000
361,????^?<Y??,12484,Chase_cam_lvlstart_think,14156,0,14202,1,0,10812,00000000
362,????^?<Y??,12484,Chase_cam_level_start,14181,0,14225,1,0,10827,00000000
363,????^?<Y??,12484,Choose_multiskin,14637,0,14251,0,1,10839,10000000
364,????^?<Y??,12484,ImpulseCommands,14904,0,14405,4,0,10911,00000000
365,????^?<Y??,12484,W_WeaponFrame,14920,0,15028,0,0,11204,00000000
366,????^?<Y??,12484,SuperDamageSound,14934,0,15038,0,0,11207,00000000
367,????^?<Y??,12484,oldchasecam,14951,0,15055,16,0,11214,00000000
368,????^?<Y??,12484,Keep_cam_chasing_owner,14963,0,15373,18,0,11546,00000000
369,?]v???t,14986,main,16600,0,15765,0,0,11934,00000000
370,?]v???t,14986,worldspawn,19117,0,15988,2,0,12046,00000000
371,?]v???t,14986,StartFrame,19128,0,16720,4,0,12231,00000000
372,?]v???t,14986,bodyque,19139,0,16767,0,0,12259,00000000
373,?]v???t,14986,InitBodyQue,19155,0,16768,1,0,12259,00000000
374,?]v???t,14986,CopyToBodyQue,19167,0,16802,0,1,12282,10000000
375,h??/qN??,19181,info_intermission,19191,0,16838,0,0,12324,00000000
376,h??/qN??,19181,SetChangeParms,19209,0,16839,0,0,12324,00000000
377,h??/qN??,19181,SetNewParms,19224,0,16891,0,0,12354,00000000
378,h??/qN??,19181,DecodeLevelParms,19250,0,16912,1,0,12360,00000000
379,h??/qN??,19181,FindIntermission,19327,0,16993,2,0,12395,00000000
380,h??/qN??,19181,GotoNextMap,19392,0,17064,0,0,12409,00000000
381,h??/qN??,19181,ExitIntermission,22691,0,17109,0,0,12429,00000000
382,h??/qN??,19181,IntermissionThink,22708,0,17251,0,0,12456,00000000
383,h??/qN??,19181,CalcPlayerStats,22729,0,17266,1,0,12466,00000000
384,h??/qN??,19181,execute_changelevel,22745,0,17282,1,0,12470,00000000
385,h??/qN??,19181,changelevel_touch,22851,0,17326,1,0,12482,00000000
386,h??/qN??,19181,trigger_changelevel,22906,0,17376,0,0,12507,00000000
387,h??/qN??,19181,respawn,22935,0,17385,0,0,12513,00000000
388,h??/qN??,19181,ClientKill,22954,0,17401,0,0,12518,00000000
389,h??/qN??,19181,CheckSpawnPoint,22965,0,17419,0,1,12528,30000000
390,h??/qN??,19181,SelectSpawnPoint,23072,0,17421,1,0,12532,00000000
391,h??/qN??,19181,area_clear,23089,0,17481,1,0,12547,00000000
392,h??/qN??,19181,PutClientInServer,23100,0,17503,15,0,12562,00000000
393,h??/qN??,19181,info_player_start,23118,0,17788,0,0,12785,00000000
394,h??/qN??,19181,info_player_start2,23136,0,17789,0,0,12786,00000000
395,h??/qN??,19181,testplayerstart,23155,0,17790,0,0,12787,00000000
396,h??/qN??,19181,info_player_deathmatch,23171,0,17791,0,0,12788,00000000
397,h??/qN??,19181,info_player_coop,23194,0,17792,0,0,12789,00000000
398,h??/qN??,19181,NextLevel,23251,0,17793,1,0,12790,00000000
399,h??/qN??,19181,CheckRules,23281,0,17865,2,0,12822,00000000
400,h??/qN??,19181,PlayerDeathThink,23292,0,17889,2,0,12834,00000000
401,h??/qN??,19181,PlayerJump,23309,0,17951,6,0,12881,00000000
402,h??/qN??,19181,WaterMove,23320,0,18028,0,0,12923,00000000
403,h??/qN??,19181,CheckWaterJump,23330,0,18175,6,0,13002,00000000
404,h??/qN??,19181,PlayerPreThink,23366,0,18229,8,0,13051,00000000
405,h??/qN??,19181,CheckPowerups,23507,0,18288,0,0,13089,00000000
406,h??/qN??,19181,PlayerPostThink,23544,0,18522,6,0,13202,00000000
407,h??/qN??,19181,ClientConnect,23579,0,18613,5,0,13270,00000000
408,h??/qN??,19181,RestartMap,23593,0,18634,0,0,13284,00000000
409,h??/qN??,19181,ClientDisconnect,23633,0,18637,3,0,13284,00000000
410,h??/qN??,19181,ClientObituary,24444,0,18775,6,2,13349,11000000
411,r? ?]?Y??,24459,FindGoalMarker,24513,0,19079,3,1,13521,10000000
412,r? ?]?Y??,24459,checkforjump,24528,0,19111,2,1,13537,10000000
413,r? ?]?Y??,24459,BotCheckMove,24541,0,19113,8,2,13540,31000000
414,r? ?]?Y??,24459,movetotarget,24607,0,19135,14,0,13569,00000000
415,r? ?]?Y??,24459,CheckInAir,24620,0,19308,3,0,13740,00000000
416,r? ?]?Y??,24459,BotInAir,24646,0,19361,0,0,13802,00000000
417,r? ?]?Y??,24459,bot_think,24655,0,19381,49,0,13819,00000000
418,r? ?]?Y??,24459,SetBotNetName,24726,0,20105,0,0,14512,00000000
419,r? ?]?Y??,24459,SpawnBot,24740,0,20133,3,0,14529,00000000
420,z??{C?,24749,player_stand1,24759,0,20268,0,0,14629,00000000
421,z??{C?,24749,player_run,24773,0,20291,0,0,14642,00000000
422,z??{C?,24749,player_shot1,24784,0,20317,0,0,14658,00000000
423,z??{C?,24749,player_shot2,24797,0,20323,0,0,14663,00000000
424,z??{C?,24749,player_shot3,24810,0,20325,0,0,14665,00000000
425,z??{C?,24749,player_shot4,24823,0,20327,0,0,14667,00000000
426,z??{C?,24749,player_shot5,24836,0,20329,0,0,14669,00000000
427,z??{C?,24749,player_shot6,24849,0,20331,0,0,14671,00000000
428,z??{C?,24749,player_axe1,24862,0,20333,0,0,14672,00000000
429,z??{C?,24749,player_axe2,24874,0,20335,0,0,14674,00000000
430,z??{C?,24749,player_axe3,24886,0,20337,0,0,14675,00000000
431,z??{C?,24749,player_axe4,24898,0,20340,0,0,14677,00000000
432,z??{C?,24749,player_axeb1,24910,0,20342,0,0,14678,00000000
433,z??{C?,24749,player_axeb2,24923,0,20344,0,0,14680,00000000
434,z??{C?,24749,player_axeb3,24936,0,20346,0,0,14682,00000000
435,z??{C?,24749,player_axeb4,24949,0,20349,0,0,14684,00000000
436,z??{C?,24749,player_axec1,24962,0,20351,0,0,14684,00000000
437,z??{C?,24749,player_axec2,24975,0,20353,0,0,14686,00000000
438,z??{C?,24749,player_axec3,24988,0,20355,0,0,14688,00000000
439,z??{C?,24749,player_axec4,25001,0,20358,0,0,14690,00000000
440,z??{C?,24749,player_axed1,25014,0,20360,0,0,14691,00000000
441,z??{C?,24749,player_axed2,25027,0,20362,0,0,14693,00000000
442,z??{C?,24749,player_axed3,25040,0,20364,0,0,14695,00000000
443,z??{C?,24749,player_axed4,25053,0,20367,0,0,14697,00000000
444,z??{C?,24749,player_nail1,25066,0,20369,0,0,14698,00000000
445,z??{C?,24749,player_nail2,25079,0,20389,0,0,14710,00000000
446,z??{C?,24749,player_light1,25092,0,20409,0,0,14721,00000000
447,z??{C?,24749,player_light2,25106,0,20425,0,0,14730,00000000
448,z??{C?,24749,player_rocket1,25120,0,20441,0,0,14738,00000000
449,z??{C?,24749,player_rocket2,25135,0,20447,0,0,14743,00000000
450,z??{C?,24749,player_rocket3,25150,0,20449,0,0,14745,00000000
451,z??{C?,24749,player_rocket4,25165,0,20451,0,0,14747,00000000
452,z??{C?,24749,player_rocket5,25180,0,20453,0,0,14749,00000000
453,z??{C?,24749,player_rocket6,25195,0,20455,0,0,14751,00000000
454,z??{C?,24749,PainSound,25210,0,20457,1,0,14753,00000000
455,z??{C?,24749,player_pain1,25220,0,20609,0,0,14800,00000000
456,z??{C?,24749,player_pain2,25233,0,20612,0,0,14801,00000000
457,z??{C?,24749,player_pain3,25246,0,20614,0,0,14802,00000000
458,z??{C?,24749,player_pain4,25259,0,20616,0,0,14803,00000000
459,z??{C?,24749,player_pain5,25272,0,20618,0,0,14805,00000000
460,z??{C?,24749,player_pain6,25285,0,20620,0,0,14807,00000000
461,z??{C?,24749,player_axpain1,25298,0,20622,0,0,14808,00000000
462,z??{C?,24749,player_axpain2,25313,0,20625,0,0,14810,00000000
463,z??{C?,24749,player_axpain3,25328,0,20627,0,0,14811,00000000
464,z??{C?,24749,player_axpain4,25343,0,20629,0,0,14812,00000000
465,z??{C?,24749,player_axpain5,25358,0,20631,0,0,14813,00000000
466,z??{C?,24749,player_axpain6,25373,0,20633,0,0,14815,00000000
467,z??{C?,24749,player_pain,25388,0,20635,0,0,14816,00000000
468,z??{C?,24749,DeathBubblesSpawn,25407,0,20641,1,0,14825,00000000
469,z??{C?,24749,DeathBubbles,25425,0,20694,2,1,14860,10000000
470,z??{C?,24749,DeathSound,25438,0,20717,1,0,14874,00000000
471,z??{C?,24749,PlayerDead,25449,0,20764,0,0,14891,00000000
472,z??{C?,24749,VelocityForDamage,25460,0,20769,4,1,14893,10000000
473,z??{C?,24749,ThrowGib,25478,0,20793,3,2,14914,11000000
474,z??{C?,24749,HeadTouch,25487,0,20840,0,0,14943,00000000
475,z??{C?,24749,ThrowHead,25507,0,20873,3,2,14959,11000000
476,z??{C?,24749,GibPlayer,25517,0,20985,0,0,15042,00000000
477,z??{C?,24749,PlayerDie,25527,0,21044,1,0,15053,00000000
478,z??{C?,24749,set_suicide_frame,25537,0,21137,0,0,15113,00000000
479,z??{C?,24749,player_diea1,25555,0,21146,0,0,15117,00000000
480,z??{C?,24749,player_diea2,25568,0,21148,0,0,15118,00000000
481,z??{C?,24749,player_diea3,25581,0,21150,0,0,15120,00000000
482,z??{C?,24749,player_diea4,25594,0,21152,0,0,15122,00000000
483,z??{C?,24749,player_diea5,25607,0,21154,0,0,15123,00000000
484,z??{C?,24749,player_diea6,25620,0,21156,0,0,15125,00000000
485,z??{C?,24749,player_diea7,25633,0,21158,0,0,15126,00000000
486,z??{C?,24749,player_diea8,25646,0,21160,0,0,15127,00000000
487,z??{C?,24749,player_diea9,25659,0,21162,0,0,15129,00000000
488,z??{C?,24749,player_diea10,25672,0,21164,0,0,15131,00000000
489,z??{C?,24749,player_diea11,25686,0,21166,0,0,15133,00000000
490,z??{C?,24749,player_dieb1,25700,0,21169,0,0,15133,00000000
491,z??{C?,24749,player_dieb2,25713,0,21171,0,0,15135,00000000
492,z??{C?,24749,player_dieb3,25726,0,21173,0,0,15137,00000000
493,z??{C?,24749,player_dieb4,25739,0,21175,0,0,15138,00000000
494,z??{C?,24749,player_dieb5,25752,0,21177,0,0,15139,00000000
495,z??{C?,24749,player_dieb6,25765,0,21179,0,0,15141,00000000
496,z??{C?,24749,player_dieb7,25778,0,21181,0,0,15143,00000000
497,z??{C?,24749,player_dieb8,25791,0,21183,0,0,15145,00000000
498,z??{C?,24749,player_dieb9,25804,0,21185,0,0,15147,00000000
499,z??{C?,24749,player_diec1,25817,0,21188,0,0,15148,00000000
500,z??{C?,24749,player_diec2,25830,0,21190,0,0,15150,00000000
501,z??{C?,24749,player_diec3,25843,0,21192,0,0,15152,00000000
502,z??{C?,24749,player_diec4,25856,0,21194,0,0,15154,00000000
503,z??{C?,24749,player_diec5,25869,0,21196,0,0,15155,00000000
504,z??{C?,24749,player_diec6,25882,0,21198,0,0,15157,00000000
505,z??{C?,24749,player_diec7,25895,0,21200,0,0,15159,00000000
506,z??{C?,24749,player_diec8,25908,0,21202,0,0,15161,00000000
507,z??{C?,24749,player_diec9,25921,0,21204,0,0,15163,00000000
508,z??{C?,24749,player_diec10,25934,0,21206,0,0,15165,00000000
509,z??{C?,24749,player_diec11,25948,0,21208,0,0,15167,00000000
510,z??{C?,24749,player_diec12,25962,0,21210,0,0,15168,00000000
511,z??{C?,24749,player_diec13,25976,0,21212,0,0,15169,00000000
512,z??{C?,24749,player_diec14,25990,0,21214,0,0,15171,00000000
513,z??{C?,24749,player_diec15,26004,0,21216,0,0,15173,00000000
514,z??{C?,24749,player_died1,26018,0,21219,0,0,15174,00000000
515,z??{C?,24749,player_died2,26031,0,21221,0,0,15175,00000000
516,z??{C?,24749,player_died3,26044,0,21223,0,0,15176,00000000
517,z??{C?,24749,player_died4,26057,0,21225,0,0,15178,00000000
518,z??{C?,24749,player_died5,26070,0,21227,0,0,15180,00000000
519,z??{C?,24749,player_died6,26083,0,21229,0,0,15182,00000000
520,z??{C?,24749,player_died7,26096,0,21231,0,0,15183,00000000
521,z??{C?,24749,player_died8,26109,0,21233,0,0,15184,00000000
522,z??{C?,24749,player_died9,26122,0,21235,0,0,15185,00000000
523,z??{C?,24749,player_diee1,26135,0,21238,0,0,15185,00000000
524,z??{C?,24749,player_diee2,26148,0,21240,0,0,15187,00000000
525,z??{C?,24749,player_diee3,26161,0,21242,0,0,15189,00000000
526,z??{C?,24749,player_diee4,26174,0,21244,0,0,15191,00000000
527,z??{C?,24749,player_diee5,26187,0,21246,0,0,15193,00000000
528,z??{C?,24749,player_diee6,26200,0,21248,0,0,15195,00000000
529,z??{C?,24749,player_diee7,26213,0,21250,0,0,15197,00000000
530,z??{C?,24749,player_diee8,26226,0,21252,0,0,15198,00000000
531,z??{C?,24749,player_diee9,26239,0,21254,0,0,15199,00000000
532,z??{C?,24749,player_die_ax1,26252,0,21257,0,0,15200,00000000
533,z??{C?,24749,player_die_ax2,26267,0,21259,0,0,15201,00000000
534,z??{C?,24749,player_die_ax3,26282,0,21261,0,0,15202,00000000
535,z??{C?,24749,player_die_ax4,26297,0,21263,0,0,15203,00000000
536,z??{C?,24749,player_die_ax5,26312,0,21265,0,0,15205,00000000
537,z??{C?,24749,player_die_ax6,26327,0,21267,0,0,15206,00000000
538,z??{C?,24749,player_die_ax7,26342,0,21269,0,0,15208,00000000
539,z??{C?,24749,player_die_ax8,26357,0,21271,0,0,15210,00000000
540,z??{C?,24749,player_die_ax9,26372,0,21273,0,0,15211,00000000
541,????i|????,26387,monster_use,26399,0,21276,0,0,15213,00000000
542,????i|????,26387,monster_death_use,26411,0,21277,3,0,15213,00000000
543,????i|????,26387,walkmonster_start_go,26496,0,21299,2,0,15230,00000000
544,????i|????,26387,walkmonster_start,26517,0,21391,0,0,15295,00000000
545,????i|????,26387,flymonster_start_go,26535,0,21406,0,0,15303,00000000
546,????i|????,26387,flymonster_start,26555,0,21409,0,0,15305,00000000
547,????i|????,26387,swimmonster_start_go,26572,0,21420,0,0,15312,00000000
548,????i|????,26387,swimmonster_start,26593,0,21425,0,0,15313,00000000
549,?)?S,
R?door_blocked,26611,door_blocked,26620,0,21436,0,0,15327,00000000
550,?)?S,
R?door_blocked,26611,door_hit_top,26633,0,21452,0,0,15333,00000000
551,?)?S,
R?door_blocked,26611,door_hit_bottom,26646,0,21473,0,0,15343,00000000
552,?)?S,
R?door_blocked,26611,door_go_down,26662,0,21483,0,0,15345,00000000
553,?)?S,
R?door_blocked,26611,door_go_up,26675,0,21506,0,0,15355,00000000
554,?)?S,
R?door_blocked,26611,door_fire,26716,0,21536,2,0,15370,00000000
555,?)?S,
R?door_blocked,26611,door_use,26726,0,21582,1,0,15394,00000000
556,?)?S,
R?door_blocked,26611,door_trigger_touch,26735,0,21596,0,0,15402,00000000
557,?)?S,
R?door_blocked,26611,door_killed,26754,0,21612,1,0,15410,00000000
558,?)?S,
R?door_blocked,26611,door_touch,26920,0,21623,0,0,15416,00000000
559,?)?S,
R?door_blocked,26611,spawn_field,26931,0,21763,13,2,15472,33000000
560,?)?S,
R?door_blocked,26611,EntitiesTouching,26943,0,21783,0,2,15499,11000000
561,?)?S,
R?door_blocked,26611,LinkDoors,26982,0,21815,8,0,15520,00000000
562,?)?S,
R?door_blocked,26611,func_door,27274,0,21921,0,0,15581,00000000
563,?)?S,
R?door_blocked,26611,fd_secret_use,27284,0,22116,1,0,15730,00000000
564,?)?S,
R?door_blocked,26611,fd_secret_move1,27298,0,22219,0,0,15827,00000000
565,?)?S,
R?door_blocked,26611,fd_secret_move2,27314,0,22233,0,0,15832,00000000
566,?)?S,
R?door_blocked,26611,fd_secret_move3,27330,0,22247,0,0,15837,00000000
567,?)?S,
R?door_blocked,26611,fd_secret_move4,27346,0,22266,0,0,15846,00000000
568,?)?S,
R?door_blocked,26611,fd_secret_move5,27362,0,22280,0,0,15851,00000000
569,?)?S,
R?door_blocked,26611,fd_secret_move6,27378,0,22294,0,0,15856,00000000
570,?)?S,
R?door_blocked,26611,fd_secret_done,27394,0,22308,0,0,15861,00000000
571,?)?S,
R?door_blocked,26611,secret_blocked,27409,0,22328,0,0,15871,00000000
572,?)?S,
R?door_blocked,26611,secret_touch,27424,0,22342,0,0,15877,00000000
573,?)?S,
R?door_blocked,26611,func_door_secret,27547,0,22366,0,0,15886,00000000
574,j?[??:????,27564,button_wait,27575,0,22467,0,0,15953,00000000
575,j?[??:????,27564,button_done,27587,0,22482,0,0,15962,00000000
576,j?[??:????,27564,button_return,27599,0,22485,0,0,15963,00000000
577,j?[??:????,27564,button_blocked,27613,0,22500,0,0,15972,00000000
578,j?[??:????,27564,button_fire,27628,0,22501,0,0,15973,00000000
579,j?[??:????,27564,button_use,27640,0,22524,0,0,15985,00000000
580,j?[??:????,27564,button_touch,27651,0,22528,0,0,15987,00000000
581,j?[??:????,27564,button_killed,27664,0,22536,0,0,15991,00000000
582,j?[??:????,27564,func_button,27761,0,22545,2,0,15996,00000000
583,R1??Aa???N,27773,trigger_reactivate,27785,0,22632,0,0,16070,00000000
584,R1??Aa???N,27773,multi_wait,27804,0,22635,0,0,16074,00000000
585,R1??Aa???N,27773,multi_trigger,27830,0,22645,0,0,16080,00000000
586,R1??Aa???N,27773,multi_killed,27844,0,22694,0,0,16104,00000000
587,R1??Aa???N,27773,multi_use,27857,0,22698,0,0,16106,00000000
588,R1??Aa???N,27773,multi_touch,27867,0,22702,0,0,16108,00000000
589,R1??Aa???N,27773,trigger_multiple,27950,0,22721,0,0,16124,00000000
590,R1??Aa???N,27773,trigger_once,27967,0,22780,0,0,16156,00000000
591,R1??Aa???N,27773,trigger_relay,27980,0,22784,0,0,16158,00000000
592,R1??Aa???N,27773,trigger_secret,28019,0,22787,0,0,16160,00000000
593,R1??Aa???N,27773,counter_use,28141,0,22818,1,0,16176,00000000
594,R1??Aa???N,27773,trigger_counter,28153,0,22875,0,0,16209,00000000
595,R1??Aa???N,27773,play_teleport,28169,0,22885,2,0,16217,00000000
596,R1??Aa???N,27773,spawn_tfog,28183,0,22914,0,1,16224,30000000
597,R1??Aa???N,27773,tdeath_touch,28194,0,22939,0,0,16234,00000000
598,R1??Aa???N,27773,spawn_tdeath,28207,0,22970,5,2,16246,31000000
599,R1??Aa???N,27773,teleport_touch,28241,0,23002,4,0,16278,00000000
600,R1??Aa???N,27773,info_teleport_destination,28270,0,23095,0,0,16368,00000000
601,R1??Aa???N,27773,teleport_use,28296,0,23112,0,0,16394,00000000
602,R1??Aa???N,27773,trigger_teleport,28337,0,23119,3,0,16398,00000000
603,R1??Aa???N,27773,trigger_skill_touch,28354,0,23141,0,0,16423,00000000
604,R1??Aa???N,27773,trigger_setskill,28374,0,23150,0,0,16427,00000000
605,R1??Aa???N,27773,trigger_onlyregistered_touch,28391,0,23154,0,0,16429,00000000
606,R1??Aa???N,27773,trigger_onlyregistered,28420,0,23188,0,0,16440,00000000
607,R1??Aa???N,27773,hurt_on,28443,0,23194,0,0,16442,00000000
608,R1??Aa???N,27773,hurt_touch,28451,0,23199,0,0,16445,00000000
609,R1??Aa???N,27773,trigger_hurt,28462,0,23216,0,0,16452,00000000
610,R1??Aa???N,27773,trigger_push_touch,28496,0,23225,0,0,16458,00000000
611,R1??Aa???N,27773,trigger_push,28515,0,23265,0,0,16498,00000000
612,R1??Aa???N,27773,trigger_monsterjump_touch,28528,0,23276,0,0,16503,00000000
613,R1??Aa???N,27773,trigger_monsterjump,28554,0,23306,0,0,16525,00000000
614,??:?K?Q,28574,plat_spawn_inside_trigger,28583,0,23325,7,0,16550,00000000
615,??:?K?Q,28574,plat_hit_top,28609,0,23377,0,0,16602,00000000
616,??:?K?Q,28574,plat_hit_bottom,28622,0,23393,0,0,16609,00000000
617,??:?K?Q,28574,plat_go_down,28638,0,23403,0,0,16611,00000000
618,??:?K?Q,28574,plat_go_up,28651,0,23419,0,0,16617,00000000
619,??:?K?Q,28574,plat_center_touch,28662,0,23435,0,0,16623,00000000
620,??:?K?Q,28574,plat_outside_touch,28680,0,23458,0,0,16635,00000000
621,??:?K?Q,28574,plat_trigger_use,28699,0,23473,0,0,16642,00000000
622,??:?K?Q,28574,plat_crush,28744,0,23478,0,0,16643,00000000
623,??:?K?Q,28574,plat_use,28781,0,23496,0,0,16649,00000000
624,??:?K?Q,28574,func_plat,28865,0,23505,1,0,16654,00000000
625,??:?K?Q,28574,train_blocked,28875,0,23611,0,0,16736,00000000
626,??:?K?Q,28574,train_use,28889,0,23625,0,0,16742,00000000
627,??:?K?Q,28574,train_wait,28899,0,23631,0,0,16745,00000000
628,??:?K?Q,28574,train_next,28937,0,23653,1,0,16755,00000000
629,??:?K?Q,28574,func_train_find,28948,0,23691,1,0,16777,00000000
630,??:?K?Q,28574,func_train,29032,0,23716,0,0,16797,00000000
631,??:?K?Q,28574,misc_teleporttrain,29062,0,23786,0,0,16838,00000000
632,???J??,29081,lightning_think,29093,0,23838,4,0,16872,00000000
633,???J??,29081,rally_lightning,29109,0,23924,0,0,16915,00000000
634,D??n?Z,,29125,info_null,29133,0,23933,0,0,16921,00000000
635,D??n?Z,,29125,info_notnull,29143,0,23936,0,0,16922,00000000
636,D??n?Z,,29125,light_use,29156,0,23937,0,0,16924,00000000
637,D??n?Z,,29125,light,29166,0,23958,0,0,16935,00000000
638,D??n?Z,,29125,light_fluoro,29172,0,23982,0,0,16945,00000000
639,D??n?Z,,29125,light_fluorospark,29211,0,24000,1,0,16953,00000000
640,D??n?Z,,29125,light_globe,29247,0,24030,0,0,16978,00000000
641,D??n?Z,,29125,FireAmbient,29278,0,24038,0,0,16980,00000000
642,D??n?Z,,29125,light_torch_small_walltorch,29306,0,24041,0,0,16982,00000000
643,D??n?Z,,29125,light_flame_large_yellow,29351,0,24052,0,0,16985,00000000
644,D??n?Z,,29125,light_flame_small_yellow,29376,0,24065,0,0,16989,00000000
645,D??n?Z,,29125,light_flame_small_white,29401,0,24076,0,0,16991,00000000
646,D??n?Z,,29125,misc_fireball,29425,0,24087,0,0,16995,00000000
647,D??n?Z,,29125,fire_fly,29439,0,24104,1,0,17004,00000000
648,D??n?Z,,29125,fire_touch,29448,0,24157,0,0,17033,00000000
649,D??n?Z,,29125,barrel_explode,29459,0,24165,0,0,17034,00000000
650,D??n?Z,,29125,misc_explobox,29519,0,24192,1,0,17043,00000000
651,D??n?Z,,29125,misc_explobox2,29551,0,24232,1,0,17062,00000000
652,D??n?Z,,29125,spikeshooter_use,29566,0,24272,0,0,17082,00000000
653,D??n?Z,,29125,shooter_think,29583,0,24303,0,0,17103,00000000
654,D??n?Z,,29125,trap_spikeshooter,29618,0,24313,0,0,17116,00000000
655,D??n?Z,,29125,trap_shooter,29636,0,24329,0,0,17121,00000000
656,D??n?Z,,29125,air_bubbles,29649,0,24345,0,0,17134,00000000
657,D??n?Z,,29125,make_bubbles,29661,0,24357,1,0,17137,00000000
658,D??n?Z,,29125,bubble_split,29674,0,24397,1,0,17158,00000000
659,D??n?Z,,29125,bubble_remove,29687,0,24440,0,0,17181,00000000
660,D??n?Z,,29125,bubble_bob,29701,0,24448,9,0,17184,00000000
661,D??n?Z,,29125,viewthing,29712,0,24509,0,0,17225,00000000
662,D??n?Z,,29125,func_wall_use,29722,0,24519,0,0,17228,00000000
663,D??n?Z,,29125,func_wall,29736,0,24524,0,0,17232,00000000
664,D??n?Z,,29125,func_illusionary,29746,0,24537,0,0,17240,00000000
665,D??n?Z,,29125,func_episodegate,29763,0,24549,0,0,17247,00000000
666,D??n?Z,,29125,func_bossgate,29780,0,24567,0,0,17258,00000000
667,D??n?Z,,29125,ambient_suck_wind,29813,0,24584,0,0,17268,00000000
668,D??n?Z,,29125,ambient_drone,29851,0,24596,0,0,17273,00000000
669,D??n?Z,,29125,ambient_flouro_buzz,29884,0,24608,0,0,17278,00000000
670,D??n?Z,,29125,ambient_drip,29923,0,24620,0,0,17283,00000000
671,D??n?Z,,29125,ambient_comp_hum,29955,0,24632,0,0,17288,00000000
672,D??n?Z,,29125,ambient_thunder,29994,0,24644,0,0,17293,00000000
673,D??n?Z,,29125,ambient_light_buzz,30031,0,24656,0,0,17298,00000000
674,D??n?Z,,29125,ambient_swamp1,30070,0,24668,0,0,17303,00000000
675,D??n?Z,,29125,ambient_swamp2,30105,0,24680,0,0,17308,00000000
676,D??n?Z,,29125,noise_think,30139,0,24692,0,0,17313,00000000
677,D??n?Z,,29125,misc_noisemaker,30209,0,24738,0,0,17317,00000000
678,7?|??,30225,boss_face,30233,0,24766,0,0,17326,00000000
679,7?|??,30225,boss_rise1,30258,0,24792,0,0,17338,00000000
680,7?|??,30225,boss_rise2,30286,0,24800,0,0,17340,00000000
681,7?|??,30225,boss_rise3,30297,0,24808,0,0,17342,00000000
682,7?|??,30225,boss_rise4,30308,0,24810,0,0,17343,00000000
683,7?|??,30225,boss_rise5,30319,0,24812,0,0,17344,00000000
684,7?|??,30225,boss_rise6,30330,0,24814,0,0,17345,00000000
685,7?|??,30225,boss_rise7,30341,0,24816,0,0,17346,00000000
686,7?|??,30225,boss_rise8,30352,0,24818,0,0,17347,00000000
687,7?|??,30225,boss_rise9,30363,0,24820,0,0,17348,00000000
688,7?|??,30225,boss_rise10,30374,0,24822,0,0,17349,00000000
689,7?|??,30225,boss_rise11,30386,0,24824,0,0,17350,00000000
690,7?|??,30225,boss_rise12,30398,0,24826,0,0,17351,00000000
691,7?|??,30225,boss_rise13,30410,0,24828,0,0,17352,00000000
692,7?|??,30225,boss_rise14,30422,0,24830,0,0,17353,00000000
693,7?|??,30225,boss_rise15,30434,0,24832,0,0,17354,00000000
694,7?|??,30225,boss_rise16,30446,0,24834,0,0,17355,00000000
695,7?|??,30225,boss_rise17,30458,0,24836,0,0,17356,00000000
696,7?|??,30225,boss_idle1,30470,0,24838,0,0,17358,00000000
697,7?|??,30225,boss_idle2,30481,0,24840,0,0,17359,00000000
698,7?|??,30225,boss_idle3,30492,0,24843,0,0,17360,00000000
699,7?|??,30225,boss_idle4,30503,0,24846,0,0,17361,00000000
700,7?|??,30225,boss_idle5,30514,0,24849,0,0,17362,00000000
701,7?|??,30225,boss_idle6,30525,0,24852,0,0,17363,00000000
702,7?|??,30225,boss_idle7,30536,0,24855,0,0,17365,00000000
703,7?|??,30225,boss_idle8,30547,0,24858,0,0,17367,00000000
704,7?|??,30225,boss_idle9,30558,0,24861,0,0,17368,00000000
705,7?|??,30225,boss_idle10,30569,0,24864,0,0,17369,00000000
706,7?|??,30225,boss_idle11,30581,0,24867,0,0,17371,00000000
707,7?|??,30225,boss_idle12,30593,0,24870,0,0,17373,00000000
708,7?|??,30225,boss_idle13,30605,0,24873,0,0,17375,00000000
709,7?|??,30225,boss_idle14,30617,0,24876,0,0,17376,00000000
710,7?|??,30225,boss_idle15,30629,0,24879,0,0,17377,00000000
711,7?|??,30225,boss_idle16,30641,0,24882,0,0,17378,00000000
712,7?|??,30225,boss_idle17,30653,0,24885,0,0,17379,00000000
713,7?|??,30225,boss_idle18,30665,0,24888,0,0,17380,00000000
714,7?|??,30225,boss_idle19,30677,0,24891,0,0,17381,00000000
715,7?|??,30225,boss_idle20,30689,0,24894,0,0,17382,00000000
716,7?|??,30225,boss_idle21,30701,0,24897,0,0,17383,00000000
717,7?|??,30225,boss_idle22,30713,0,24900,0,0,17384,00000000
718,7?|??,30225,boss_idle23,30725,0,24903,0,0,17385,00000000
719,7?|??,30225,boss_idle24,30737,0,24906,0,0,17386,00000000
720,7?|??,30225,boss_idle25,30749,0,24909,0,0,17387,00000000
721,7?|??,30225,boss_idle26,30761,0,24912,0,0,17388,00000000
722,7?|??,30225,boss_idle27,30773,0,24915,0,0,17389,00000000
723,7?|??,30225,boss_idle28,30785,0,24918,0,0,17390,00000000
724,7?|??,30225,boss_idle29,30797,0,24921,0,0,17391,00000000
725,7?|??,30225,boss_idle30,30809,0,24924,0,0,17392,00000000
726,7?|??,30225,boss_idle31,30821,0,24927,0,0,17393,00000000
727,7?|??,30225,boss_missile1,30833,0,24930,0,0,17393,00000000
728,7?|??,30225,boss_missile2,30847,0,24933,0,0,17394,00000000
729,7?|??,30225,boss_missile3,30861,0,24936,0,0,17395,00000000
730,7?|??,30225,boss_missile4,30875,0,24939,0,0,17396,00000000
731,7?|??,30225,boss_missile5,30889,0,24942,0,0,17397,00000000
732,7?|??,30225,boss_missile6,30903,0,24945,0,0,17398,00000000
733,7?|??,30225,boss_missile7,30917,0,24948,0,0,17399,00000000
734,7?|??,30225,boss_missile8,30931,0,24951,0,0,17400,00000000
735,7?|??,30225,boss_missile9,30945,0,24954,0,0,17401,00000000
736,7?|??,30225,boss_missile10,30959,0,24958,0,0,17405,00000000
737,7?|??,30225,boss_missile11,30974,0,24961,0,0,17406,00000000
738,7?|??,30225,boss_missile12,30989,0,24964,0,0,17407,00000000
739,7?|??,30225,boss_missile13,31004,0,24967,0,0,17408,00000000
740,7?|??,30225,boss_missile14,31019,0,24970,0,0,17409,00000000
741,7?|??,30225,boss_missile15,31034,0,24973,0,0,17410,00000000
742,7?|??,30225,boss_missile16,31049,0,24976,0,0,17411,00000000
743,7?|??,30225,boss_missile17,31064,0,24979,0,0,17412,00000000
744,7?|??,30225,boss_missile18,31079,0,24982,0,0,17413,00000000
745,7?|??,30225,boss_missile19,31094,0,24985,0,0,17414,00000000
746,7?|??,30225,boss_missile20,31109,0,24988,0,0,17415,00000000
747,7?|??,30225,boss_missile21,31124,0,24992,0,0,17419,00000000
748,7?|??,30225,boss_missile22,31139,0,24995,0,0,17420,00000000
749,7?|??,30225,boss_missile23,31154,0,24998,0,0,17421,00000000
750,7?|??,30225,boss_shocka1,31169,0,25001,0,0,17422,00000000
751,7?|??,30225,boss_shocka2,31182,0,25003,0,0,17423,00000000
752,7?|??,30225,boss_shocka3,31195,0,25005,0,0,17424,00000000
753,7?|??,30225,boss_shocka4,31208,0,25007,0,0,17425,00000000
754,7?|??,30225,boss_shocka5,31221,0,25009,0,0,17426,00000000
755,7?|??,30225,boss_shocka6,31234,0,25011,0,0,17427,00000000
756,7?|??,30225,boss_shocka7,31247,0,25013,0,0,17428,00000000
757,7?|??,30225,boss_shocka8,31260,0,25015,0,0,17429,00000000
758,7?|??,30225,boss_shocka9,31273,0,25017,0,0,17430,00000000
759,7?|??,30225,boss_shocka10,31286,0,25019,0,0,17431,00000000
760,7?|??,30225,boss_shockb1,31300,0,25021,0,0,17432,00000000
761,7?|??,30225,boss_shockb2,31313,0,25023,0,0,17433,00000000
762,7?|??,30225,boss_shockb3,31326,0,25025,0,0,17434,00000000
763,7?|??,30225,boss_shockb4,31339,0,25027,0,0,17435,00000000
764,7?|??,30225,boss_shockb5,31352,0,25029,0,0,17436,00000000
765,7?|??,30225,boss_shockb6,31365,0,25031,0,0,17437,00000000
766,7?|??,30225,boss_shockb7,31378,0,25033,0,0,17438,00000000
767,7?|??,30225,boss_shockb8,31391,0,25035,0,0,17439,00000000
768,7?|??,30225,boss_shockb9,31404,0,25037,0,0,17440,00000000
769,7?|??,30225,boss_shockb10,31417,0,25039,0,0,17441,00000000
770,7?|??,30225,boss_shockc1,31431,0,25041,0,0,17442,00000000
771,7?|??,30225,boss_shockc2,31444,0,25043,0,0,17443,00000000
772,7?|??,30225,boss_shockc3,31457,0,25045,0,0,17444,00000000
773,7?|??,30225,boss_shockc4,31470,0,25047,0,0,17445,00000000
774,7?|??,30225,boss_shockc5,31483,0,25049,0,0,17446,00000000
775,7?|??,30225,boss_shockc6,31496,0,25051,0,0,17447,00000000
776,7?|??,30225,boss_shockc7,31509,0,25053,0,0,17448,00000000
777,7?|??,30225,boss_shockc8,31522,0,25055,0,0,17449,00000000
778,7?|??,30225,boss_shockc9,31535,0,25057,0,0,17450,00000000
779,7?|??,30225,boss_shockc10,31548,0,25059,0,0,17451,00000000
780,7?|??,30225,boss_death1,31578,0,25061,0,0,17452,00000000
781,7?|??,30225,boss_death2,31590,0,25069,0,0,17454,00000000
782,7?|??,30225,boss_death3,31602,0,25071,0,0,17455,00000000
783,7?|??,30225,boss_death4,31614,0,25073,0,0,17456,00000000
784,7?|??,30225,boss_death5,31626,0,25075,0,0,17457,00000000
785,7?|??,30225,boss_death6,31638,0,25077,0,0,17458,00000000
786,7?|??,30225,boss_death7,31650,0,25079,0,0,17459,00000000
787,7?|??,30225,boss_death8,31662,0,25081,0,0,17460,00000000
788,7?|??,30225,boss_death9,31674,0,25083,0,0,17461,00000000
789,7?|??,30225,boss_death10,31686,0,25109,0,0,17465,00000000
790,7?|??,30225,boss_missile,31735,0,25149,16,1,17476,30000000
791,7?|??,30225,boss_awake,31763,0,25242,0,0,17583,00000000
792,7?|??,30225,monster_boss,31789,0,25281,0,0,17600,00000000
793,7?|??,30225,lightning_fire,31802,0,25306,6,0,17608,00000000
794,7?|??,30225,lightning_use,31844,0,25368,0,0,17656,00000000
795,7?|??,30225,event_lightning,31858,0,25460,0,0,17697,00000000
796,??????Bc??,31874,dude_move,31885,0,25463,0,0,17702,00000000
797,??????Bc??,31874,DudeSpawnIsClose,31895,0,25491,2,1,17720,10000000
798,??????Bc??,31874,dude_run,31929,0,25507,17,0,17732,00000000
799,??????Bc??,31874,dude_axpain1,31938,0,25819,0,0,17958,00000000
800,??????Bc??,31874,dude_axpain2,31951,0,25823,0,0,17959,00000000
801,??????Bc??,31874,dude_axpain3,31964,0,25826,0,0,17960,00000000
802,??????Bc??,31874,dude_axpain4,31977,0,25829,0,0,17961,00000000
803,??????Bc??,31874,dude_axpain5,31990,0,25832,0,0,17962,00000000
804,??????Bc??,31874,dude_axpain6,32003,0,25835,0,0,17963,00000000
805,??????Bc??,31874,dude_pain,32016,0,25838,0,0,17964,00000000
806,??????Bc??,31874,DudeDead,32026,0,25844,0,0,17974,00000000
807,??????Bc??,31874,Awake_Boss,32035,0,25850,3,0,17977,00000000
808,??????Bc??,31874,CheckCultKills,32168,0,25874,5,0,17992,00000000
809,??????Bc??,31874,replenish_dudes,32183,0,25924,1,0,18012,00000000
810,??????Bc??,31874,DudeDie,32205,0,25939,1,0,18019,00000000
811,??????Bc??,31874,dude_diea1,32213,0,26035,0,0,18066,00000000
812,??????Bc??,31874,dude_diea2,32224,0,26037,0,0,18067,00000000
813,??????Bc??,31874,dude_diea3,32235,0,26039,0,0,18068,00000000
814,??????Bc??,31874,dude_diea4,32246,0,26041,0,0,18069,00000000
815,??????Bc??,31874,dude_diea5,32257,0,26043,0,0,18070,00000000
816,??????Bc??,31874,dude_diea6,32268,0,26045,0,0,18071,00000000
817,??????Bc??,31874,dude_diea7,32279,0,26047,0,0,18072,00000000
818,??????Bc??,31874,dude_diea8,32290,0,26049,0,0,18073,00000000
819,??????Bc??,31874,dude_diea9,32301,0,26051,0,0,18074,00000000
820,??????Bc??,31874,dude_diea10,32312,0,26053,0,0,18075,00000000
821,??????Bc??,31874,dude_diea11,32324,0,26055,0,0,18076,00000000
822,??????Bc??,31874,dude_dieb1,32336,0,26058,0,0,18076,00000000
823,??????Bc??,31874,dude_dieb2,32347,0,26060,0,0,18077,00000000
824,??????Bc??,31874,dude_dieb3,32358,0,26062,0,0,18078,00000000
825,??????Bc??,31874,dude_dieb4,32369,0,26064,0,0,18079,00000000
826,??????Bc??,31874,dude_dieb5,32380,0,26066,0,0,18080,00000000
827,??????Bc??,31874,dude_dieb6,32391,0,26068,0,0,18081,00000000
828,??????Bc??,31874,dude_dieb7,32402,0,26070,0,0,18082,00000000
829,??????Bc??,31874,dude_dieb8,32413,0,26072,0,0,18083,00000000
830,??????Bc??,31874,dude_dieb9,32424,0,26074,0,0,18084,00000000
831,??????Bc??,31874,dude_diec1,32435,0,26077,0,0,18084,00000000
832,??????Bc??,31874,dude_diec2,32446,0,26079,0,0,18085,00000000
833,??????Bc??,31874,dude_diec3,32457,0,26081,0,0,18086,00000000
834,??????Bc??,31874,dude_diec4,32468,0,26083,0,0,18087,00000000
835,??????Bc??,31874,dude_diec5,32479,0,26085,0,0,18088,00000000
836,??????Bc??,31874,dude_diec6,32490,0,26087,0,0,18089,00000000
837,??????Bc??,31874,dude_diec7,32501,0,26089,0,0,18090,00000000
838,??????Bc??,31874,dude_diec8,32512,0,26091,0,0,18091,00000000
839,??????Bc??,31874,dude_diec9,32523,0,26093,0,0,18092,00000000
840,??????Bc??,31874,dude_diec10,32534,0,26095,0,0,18093,00000000
841,??????Bc??,31874,dude_diec11,32546,0,26097,0,0,18094,00000000
842,??????Bc??,31874,dude_diec12,32558,0,26099,0,0,18095,00000000
843,??????Bc??,31874,dude_diec13,32570,0,26101,0,0,18096,00000000
844,??????Bc??,31874,dude_diec14,32582,0,26103,0,0,18097,00000000
845,??????Bc??,31874,dude_diec15,32594,0,26105,0,0,18098,00000000
846,??????Bc??,31874,dude_died1,32606,0,26108,0,0,18098,00000000
847,??????Bc??,31874,dude_died2,32617,0,26110,0,0,18099,00000000
848,??????Bc??,31874,dude_died3,32628,0,26112,0,0,18100,00000000
849,??????Bc??,31874,dude_died4,32639,0,26114,0,0,18101,00000000
850,??????Bc??,31874,dude_died5,32650,0,26116,0,0,18102,00000000
851,??????Bc??,31874,dude_died6,32661,0,26118,0,0,18103,00000000
852,??????Bc??,31874,dude_died7,32672,0,26120,0,0,18104,00000000
853,??????Bc??,31874,dude_died8,32683,0,26122,0,0,18105,00000000
854,??????Bc??,31874,dude_died9,32694,0,26124,0,0,18106,00000000
855,??????Bc??,31874,dude_diee1,32705,0,26127,0,0,18106,00000000
856,??????Bc??,31874,dude_diee2,32716,0,26129,0,0,18107,00000000
857,??????Bc??,31874,dude_diee3,32727,0,26131,0,0,18108,00000000
858,??????Bc??,31874,dude_diee4,32738,0,26133,0,0,18109,00000000
859,??????Bc??,31874,dude_diee5,32749,0,26135,0,0,18110,00000000
860,??????Bc??,31874,dude_diee6,32760,0,26137,0,0,18111,00000000
861,??????Bc??,31874,dude_diee7,32771,0,26139,0,0,18112,00000000
862,??????Bc??,31874,dude_diee8,32782,0,26141,0,0,18113,00000000
863,??????Bc??,31874,dude_diee9,32793,0,26143,0,0,18114,00000000
864,??????Bc??,31874,dude_die_ax1,32804,0,26146,0,0,18114,00000000
865,??????Bc??,31874,dude_die_ax2,32817,0,26148,0,0,18115,00000000
866,??????Bc??,31874,dude_die_ax3,32830,0,26150,0,0,18116,00000000
867,??????Bc??,31874,dude_die_ax4,32843,0,26152,0,0,18117,00000000
868,??????Bc??,31874,dude_die_ax5,32856,0,26154,0,0,18118,00000000
869,??????Bc??,31874,dude_die_ax6,32869,0,26156,0,0,18119,00000000
870,??????Bc??,31874,dude_die_ax7,32882,0,26158,0,0,18120,00000000
871,??????Bc??,31874,dude_die_ax8,32895,0,26160,0,0,18121,00000000
872,??????Bc??,31874,dude_die_ax9,32908,0,26162,0,0,18122,00000000
873,??????Bc??,31874,spawn_dude,32921,0,26165,3,0,18122,00000000
874,??????Bc??,31874,ThrowDudeGib,32932,0,26211,5,2,18143,13000000
875,??????Bc??,31874,GibDude,32945,0,26264,0,1,18201,30000000
876,??????Bc??,31874,dude_touch,32953,0,26316,2,0,18212,00000000
877,??????Bc??,31874,dude_fire_grenade,32964,0,26417,2,0,18258,00000000
878,??????Bc??,31874,dude_fire_rocket,32997,0,26464,10,1,18289,10000000
879,??????Bc??,31874,rally_spawn_dude,33042,0,26539,1,0,18345,00000000
880,??????Bc??,31874,dude_guide_touch,33059,0,26614,0,0,18390,00000000
881,??????Bc??,31874,rally_dude_guide,33076,0,26629,0,0,18404,00000000
882,N?3H??m?,33093,roo_stand1,33103,0,26640,0,0,18411,00000000
883,N?3H??m?,33093,roo_stand2,33114,0,26643,0,0,18412,00000000
884,N?3H??m?,33093,roo_stand3,33125,0,26645,0,0,18413,00000000
885,N?3H??m?,33093,roo_stand4,33136,0,26647,0,0,18414,00000000
886,N?3H??m?,33093,roo_stand5,33147,0,26649,0,0,18415,00000000
887,N?3H??m?,33093,roo_run1,33158,0,26651,0,0,18416,00000000
888,N?3H??m?,33093,roo_run2,33167,0,26655,0,0,18417,00000000
889,N?3H??m?,33093,roo_run3,33176,0,26659,0,0,18418,00000000
890,N?3H??m?,33093,roo_run4,33185,0,26663,0,0,18419,00000000
891,N?3H??m?,33093,roo_run5,33194,0,26667,0,0,18420,00000000
892,N?3H??m?,33093,roo_run6,33203,0,26671,0,0,18421,00000000
893,N?3H??m?,33093,roo_run7,33212,0,26675,0,0,18422,00000000
894,N?3H??m?,33093,roo_run8,33221,0,26679,0,0,18423,00000000
895,N?3H??m?,33093,roo_run9,33230,0,26683,0,0,18424,00000000
896,N?3H??m?,33093,roo_run10,33239,0,26687,0,0,18425,00000000
897,N?3H??m?,33093,roo_stand,33249,0,26740,1,0,18464,00000000
898,N?3H??m?,33093,roo_pain,33259,0,26778,0,0,18484,00000000
899,N?3H??m?,33093,roo_run,33268,0,26785,0,1,18490,10000000
900,N?3H??m?,33093,spawn_roo,33297,0,26812,4,0,18507,00000000
901,N?3H??m?,33093,spawn_nailbox,33307,0,26859,2,0,18530,00000000
902,N?3H??m?,33093,roo_die,33321,0,26900,4,0,18550,00000000
903,N?3H??m?,33093,roo_touch,33410,0,26953,1,0,18569,00000000
904,N?3H??m?,33093,rally_spawn_kangaroo,33447,0,27041,1,0,18613,00000000
